"docUuid","visitors","desktop_all_R","desktop_all_V","desktop_all_S3"
"d138d0c6-9bf6-11e8-8f8e-eb1702e95e35","525792",313531,434775,323984
"99301356-9953-11e8-8039-2078d824af27","255872",135563,223889,171358
"e028d788-a1f1-11e8-9f37-8f4a631f500f","250861",150858,216562,160768
"c83591a6-a05d-11e8-af80-8f4a631f500f","241965",146741,187083,149481
"3446b5f6-956d-11e8-a183-fc60c095174f","219731",168004,195067,175362
"ae8e992c-a08b-11e8-9082-41d95f45639c","210891",110346,171051,115361
"6c6da284-9f98-11e8-bbcf-eb1702e95e35","199090",99507,181797,102776
"3446b5f6-956d-11e8-a183-fc60c095174f","189875",141823,163887,148769
"3d66192a-9490-11e8-9907-2078d824af27","189041",121234,156594,126869
"6d7eb81e-9af9-11e8-88d9-f017b12b5a53","166532",98097,131529,101845
"e028d788-a1f1-11e8-9f37-8f4a631f500f","157542",80442,117821,85105
"99301356-9953-11e8-8039-2078d824af27","149778",75621,123201,95447
"fa18e6d4-9bb5-11e8-a60f-eb1702e95e35","145605",23364,116767,94027
"6d7eb81e-9af9-11e8-88d9-f017b12b5a53","145078",83436,113167,86824
"b769cd20-a2b4-11e8-9c73-8f4a631f500f","142381",55044,127018,60833
"85c70544-9a3f-11e8-8dd7-f017b12b5a53","140785",62181,109062,64836
"ae91f93c-964f-11e8-aa2d-2078d824af27","140762",75090,121436,76411
"69f972a4-a168-11e8-9077-41d95f45639c","140137",70794,118388,73247
"c83591a6-a05d-11e8-af80-8f4a631f500f","133677",77522,99142,79116
"1a789cb2-9b07-11e8-b29c-f017b12b5a53","132697",80763,93881,85942
"e028d788-a1f1-11e8-9f37-8f4a631f500f","132626",65751,96669,69808
"94bc8c7e-9c8b-11e8-a40e-a25db12b5a53","130294",62622,97159,65190
"72319330-9ed3-11e8-8dc8-eb1702e95e35","126450",85404,104390,87959
"d138d0c6-9bf6-11e8-8f8e-eb1702e95e35","124521",66450,87126,68727
"e028d788-a1f1-11e8-9f37-8f4a631f500f","123246",73075,104654,78039
"50d199a0-a460-11e8-98a1-41d95f45639c","111587",55606,96585,58379
"510a1d42-9c87-11e8-9dc5-a25db12b5a53","110608",45923,52340,46774
"10e87e8a-94a2-11e8-ba78-2078d824af27","107892",59836,70032,61794
"94bc8c7e-9c8b-11e8-a40e-a25db12b5a53","107292",59065,95139,61648
"0e3b9ca8-9ef7-11e8-9137-eb1702e95e35","104997",69084,82452,72707
"510a1d42-9c87-11e8-9dc5-a25db12b5a53","104320",64259,71900,65227
"510a1d42-9c87-11e8-9dc5-a25db12b5a53","103656",57539,64751,58408
"c429cfac-9593-11e8-863b-fc60c095174f","101747",34502,88572,35896
"3a0c5bde-a52c-11e8-bd20-41d95f45639c","99190",30495,84647,32153
"ae91f93c-964f-11e8-aa2d-2078d824af27","97951",51279,84416,51936
"0e3b9ca8-9ef7-11e8-9137-eb1702e95e35","94193",57203,68355,60038
"94bc8c7e-9c8b-11e8-a40e-a25db12b5a53","93839",43004,67452,44905
"50d199a0-a460-11e8-98a1-41d95f45639c","93171",44800,78276,47246
"335b20e6-9f90-11e8-80d1-eb1702e95e35","90978",59253,73988,66780
"94bc8c7e-9c8b-11e8-a40e-a25db12b5a53","90533",47496,74010,49418
"6c6da284-9f98-11e8-bbcf-eb1702e95e35","90366",42749,78138,44215
"ae8e992c-a08b-11e8-9082-41d95f45639c","88713",40930,65629,43029
"9a432d1c-9fa9-11e8-b1b7-a25db12b5a53","82953",47408,66257,48697
"510a1d42-9c87-11e8-9dc5-a25db12b5a53","80775",34938,39693,35582
"163999e2-9af0-11e8-87aa-1e0e02e95e35","78575",38246,66550,39508
"bc306efe-a44e-11e8-b3aa-41d95f45639c","77329",54114,67868,55578
"2104c2e2-9eca-11e8-ba53-eb1702e95e35","73571",39363,58941,40378
"c8ba8210-94b1-11e8-ac97-2078d824af27","72397",31715,60428,33253
"f0342652-96f5-11e8-83ad-2078d824af27","72030",40820,63948,43945
"0814e520-9d3d-11e8-89aa-a25db12b5a53","69936",22360,61663,22363
"9a432d1c-9fa9-11e8-b1b7-a25db12b5a53","69464",39312,53711,40230
"5465e68c-9968-11e8-b9c7-852902e95e35","68366",48974,55299,49955
"85c70544-9a3f-11e8-8dd7-f017b12b5a53","68205",28198,51006,29451
"fe3217ec-9a0f-11e8-b345-107bb12b5a53","66881",37441,56977,43378
"72319330-9ed3-11e8-8dc8-eb1702e95e35","62337",39544,47627,40551
"6d99ea58-a125-11e8-85de-8f4a631f500f","62023",39684,49827,41516
"163999e2-9af0-11e8-87aa-1e0e02e95e35","58752",29547,50360,30493
"7990d002-9fbc-11e8-9724-a25db12b5a53","57933",36986,44871,39438
"5465e68c-9968-11e8-b9c7-852902e95e35","57259",38201,42899,38980
"2638cfae-9c74-11e8-96ad-a25db12b5a53","56406",29494,40537,30946
"4f70ab5a-9a33-11e8-a608-f017b12b5a53","54632",23259,42143,24434
"fa18e6d4-9bb5-11e8-a60f-eb1702e95e35","54554",6658,39564,30599
"0814e520-9d3d-11e8-89aa-a25db12b5a53","54475",14103,39436,13976
"69f972a4-a168-11e8-9077-41d95f45639c","54356",24051,40955,24593
"335b20e6-9f90-11e8-80d1-eb1702e95e35","53449",34112,42441,38160
"fcf7151c-94ce-11e8-9aff-fc60c095174f","52964",24601,46141,26589
"1a789cb2-9b07-11e8-b29c-f017b12b5a53","52049",29893,34704,31800
"907ae110-96eb-11e8-96a7-fc60c095174f","49797",29155,41753,37166
"fb4e9adc-958c-11e8-89f9-fc60c095174f","48947",27907,39422,28683
"4f70ab5a-9a33-11e8-a608-f017b12b5a53","48629",19738,36282,20898
"a5956c8a-9ee0-11e8-ad05-a25db12b5a53","48061",22559,37763,23992
"bce1283c-a1fd-11e8-897e-41d95f45639c","47434",19246,34527,20179
"4b3cddae-9a2b-11e8-a40c-1e0e02e95e35","46664",32783,38754,33864
"a5dc0066-a154-11e8-84d8-8f4a631f500f","46016",28232,32341,30696
"0814e520-9d3d-11e8-89aa-a25db12b5a53","43536",10580,27980,10577
"21b31f3a-a12d-11e8-be1d-41d95f45639c","43113",24970,29941,26980
"a5956c8a-9ee0-11e8-ad05-a25db12b5a53","41791",21505,35275,22708
"421f65a6-93f6-11e8-925d-fc60c095174f","41540",19932,29136,23164
"c5eb79ce-a085-11e8-a080-41d95f45639c","40926",23703,32931,25400
"f4d79d92-a519-11e8-a628-8f4a631f500f","40477",27094,36429,29645
"7dedba16-9bd4-11e8-b6f7-a25db12b5a53","40144",20715,33631,21610
"4b3cddae-9a2b-11e8-a40c-1e0e02e95e35","40128",25779,30540,26741
"9812c736-a211-11e8-9004-8f4a631f500f","39580",12354,31452,12760
"96de7c24-00eb-11e8-8743-a08db8bcf5f7","38970",15768,31937,15271
"d138d0c6-9bf6-11e8-8f8e-eb1702e95e35","38709",18878,30652,20049
"78c3ab34-a487-11e8-9645-8f4a631f500f","38477",6660,33578,8957
"bc306efe-a44e-11e8-b3aa-41d95f45639c","36515",24044,30366,24827
"c8ba8210-94b1-11e8-ac97-2078d824af27","35983",13388,25538,14033
"10e87e8a-94a2-11e8-ba78-2078d824af27","34949",20309,23723,21006
"96de7c24-00eb-11e8-8743-a08db8bcf5f7","34791",11930,26878,11498
"82386dd2-9ba2-11e8-86e9-a25db12b5a53","34711",19285,23407,21470
"21b31f3a-a12d-11e8-be1d-41d95f45639c","34612",20188,24126,21791
"d138d0c6-9bf6-11e8-8f8e-eb1702e95e35","33851",13692,20422,14337
"2638cfae-9c74-11e8-96ad-a25db12b5a53","33128",19598,26325,20656
"c97f5c78-9977-11e8-a79d-852902e95e35","32393",12079,24688,12823
"c429cfac-9593-11e8-863b-fc60c095174f","31775",9720,24729,10133
"510a1d42-9c87-11e8-9dc5-a25db12b5a53","31684",14007,15844,14306
"d138d0c6-9bf6-11e8-8f8e-eb1702e95e35","30401",12039,18387,12632
"c43b5286-a146-11e8-bf2c-8f4a631f500f","30284",3881,24118,20031
"45b330ee-9a18-11e8-b397-f017b12b5a53","29859",16130,21727,18423
"a1ef9464-9a46-11e8-8b2a-1e0e02e95e35","29700",18147,21968,19025
"c429cfac-9593-11e8-863b-fc60c095174f","29673",10196,25500,10573
"9812c736-a211-11e8-9004-8f4a631f500f","28920",8481,20951,8716
"ae8e992c-a08b-11e8-9082-41d95f45639c","28678",14492,22679,15248
"9812c736-a211-11e8-9004-8f4a631f500f","28669",10127,25022,10472
"2638cfae-9c74-11e8-96ad-a25db12b5a53","27972",10637,14691,11170
"3924a578-9659-11e8-ae1c-fc60c095174f","27955",15236,22165,16002
"108aa054-96fe-11e8-bcbd-2078d824af27","27352",10878,18668,11746
"6d7eb81e-9af9-11e8-88d9-f017b12b5a53","27350",14056,19137,14700
"3d66192a-9490-11e8-9907-2078d824af27","27337",15986,20201,16834
"c83591a6-a05d-11e8-af80-8f4a631f500f","27335",14741,18961,15068
"ed3a207c-a457-11e8-8f32-8f4a631f500f","27188",16044,19510,16525
"907ae110-96eb-11e8-96a7-fc60c095174f","25803",15921,22565,20275
"5465e68c-9968-11e8-b9c7-852902e95e35","25777",18097,20600,18441
"85c70544-9a3f-11e8-8dd7-f017b12b5a53","25667",10699,18993,11241
"c5eb79ce-a085-11e8-a080-41d95f45639c","25557",13559,18720,14501
"9812c736-a211-11e8-9004-8f4a631f500f","25306",7455,18723,7637
"138ad2d4-9559-11e8-993b-2078d824af27","25177",10765,17202,11831
"c43b5286-a146-11e8-bf2c-8f4a631f500f","25175",3676,19153,16110
"a5dc0066-a154-11e8-84d8-8f4a631f500f","25132",13912,15922,15082
"9a432d1c-9fa9-11e8-b1b7-a25db12b5a53","24564",12869,18054,13220
"f0342652-96f5-11e8-83ad-2078d824af27","24515",12585,18957,13562
"7990d002-9fbc-11e8-9724-a25db12b5a53","24502",11837,14501,12744
"1a789cb2-9b07-11e8-b29c-f017b12b5a53","24234",14164,16645,15197
"6586e2d8-a14f-11e8-afd8-8f4a631f500f","24221",9623,18882,9983
"5ee74e7c-9ef2-11e8-9047-eb1702e95e35","23937",14331,17716,15506
"82386dd2-9ba2-11e8-86e9-a25db12b5a53","23927",13495,16674,15249
"6d99ea58-a125-11e8-85de-8f4a631f500f","23703",14678,17970,15388
"2104c2e2-9eca-11e8-ba53-eb1702e95e35","23522",10489,15636,10732
"1c419614-9fb9-11e8-b9f9-eb1702e95e35","23370",13929,17884,14743
"510a1d42-9c87-11e8-9dc5-a25db12b5a53","23051",11130,12457,11375
"510a1d42-9c87-11e8-9dc5-a25db12b5a53","22662",12073,13438,12321
"fcf7151c-94ce-11e8-9aff-fc60c095174f","22363",10703,19857,11619
"2638cfae-9c74-11e8-96ad-a25db12b5a53","22309",8659,12076,9119
"feb5a38e-a47b-11e8-b5e0-41d95f45639c","22012",12013,14644,12560
"907ae110-96eb-11e8-96a7-fc60c095174f","21791",11114,15559,13774
"bb79e6b0-9fb3-11e8-bef0-eb1702e95e35","21776",10699,16980,14079
"1c419614-9fb9-11e8-b9f9-eb1702e95e35","21594",11422,15185,12072
"bce1283c-a1fd-11e8-897e-41d95f45639c","21371",9494,18489,9984
"7dedba16-9bd4-11e8-b6f7-a25db12b5a53","21367",8887,15296,9320
"b769cd20-a2b4-11e8-9c73-8f4a631f500f","21336",4765,10966,5291
"45b330ee-9a18-11e8-b397-f017b12b5a53","20922",11723,15724,13283
"3446b5f6-956d-11e8-a183-fc60c095174f","20677",12746,14857,13708
"fb4e9adc-958c-11e8-89f9-fc60c095174f","20260",11732,16627,12046
"c97f5c78-9977-11e8-a79d-852902e95e35","20032",6395,13404,6868
"78c3ab34-a487-11e8-9645-8f4a631f500f","19143",3142,13908,4118
"b769cd20-a2b4-11e8-9c73-8f4a631f500f","18968",6958,15164,7628
"456b68e4-9ca8-11e8-884c-eb1702e95e35","18644",12373,14788,12966
"f0342652-96f5-11e8-83ad-2078d824af27","18320",9262,13905,9975
"b769cd20-a2b4-11e8-9c73-8f4a631f500f","18049",4182,9265,4615
"5e3eb89a-a472-11e8-bd25-41d95f45639c","17876",10572,13190,11186
"108aa054-96fe-11e8-bcbd-2078d824af27","17840",8918,14968,9623
"907ae110-96eb-11e8-96a7-fc60c095174f","17758",9005,12818,11267
"fd0296d2-93ff-11e8-a43c-fc60c095174f","17738",5415,13850,5597
"c8ba8210-94b1-11e8-ac97-2078d824af27","17685",6509,12207,6851
"b6f434f0-9631-11e8-8a60-fc60c095174f","17364",9847,13823,10309
"456b68e4-9ca8-11e8-884c-eb1702e95e35","17300",7277,8644,7557
"f0342652-96f5-11e8-83ad-2078d824af27","17093",9105,14430,9968
"99301356-9953-11e8-8039-2078d824af27","16846",6092,11293,8391
"6586e2d8-a14f-11e8-afd8-8f4a631f500f","16825",5704,11647,5983
"0814e520-9d3d-11e8-89aa-a25db12b5a53","16823",5187,13530,5196
"f462cb8c-957b-11e8-b8cb-fc60c095174f","16582",5776,13642,6213
"7990d002-9fbc-11e8-9724-a25db12b5a53","16546",9299,11393,10021
"fe3217ec-9a0f-11e8-b345-107bb12b5a53","16517",7647,11943,9036
"138ad2d4-9559-11e8-993b-2078d824af27","16389",7415,12524,8170
"fa18e6d4-9bb5-11e8-a60f-eb1702e95e35","16343",1983,9132,7288
"fb4e9adc-958c-11e8-89f9-fc60c095174f","16336",7191,9928,7353
"108aa054-96fe-11e8-bcbd-2078d824af27","16322",5203,8520,5577
"36b1feec-9ae3-11e8-8c2d-1e0e02e95e35","16202",7757,11491,8996
"bce78bf8-a510-11e8-823f-8f4a631f500f","16119",7674,11778,9994
"adcf3b3c-9ef0-11e8-a762-a25db12b5a53","16023",5980,12672,6365
"ae91f93c-964f-11e8-aa2d-2078d824af27","15943",7226,11403,7357
"f5fd35d8-a546-11e8-aa27-8f4a631f500f","15707",5116,8719,5334
"ed3a207c-a457-11e8-8f32-8f4a631f500f","15620",9634,11596,9854
"07b77414-9f98-11e8-b572-eb1702e95e35","15521",7933,12193,8874
"e9383386-995f-11e8-a4ed-852902e95e35","15517",6206,11878,6726
"1f70904e-9b02-11e8-bc21-f017b12b5a53","15469",7897,12499,9321
"a5dc0066-a154-11e8-84d8-8f4a631f500f","15155",7644,8781,8336
"ae91f93c-964f-11e8-aa2d-2078d824af27","15148",6774,10855,6894
"c5eb79ce-a085-11e8-a080-41d95f45639c","15126",8091,11549,8596
"b6f434f0-9631-11e8-8a60-fc60c095174f","15109",7230,10339,7531
"3924a578-9659-11e8-ae1c-fc60c095174f","14908",7002,10243,7366
"bce1283c-a1fd-11e8-897e-41d95f45639c","14768",4398,8124,4600
"e028d788-a1f1-11e8-9f37-8f4a631f500f","14689",8056,11494,8651
"fa18e6d4-9bb5-11e8-a60f-eb1702e95e35","14645",1763,10685,8339
"1f0b2036-a22f-11e8-9d4d-8f4a631f500f","14585",9289,12013,9730
"fa18e6d4-9bb5-11e8-a60f-eb1702e95e35","14492",1773,8016,6514
"69f972a4-a168-11e8-9077-41d95f45639c","14266",6853,11404,7199
"ae91f93c-964f-11e8-aa2d-2078d824af27","14056",7159,11567,7317
"e129338e-963f-11e8-a542-2078d824af27","14050",8249,10213,9162
"5e3eb89a-a472-11e8-bd25-41d95f45639c","14045",7841,9880,8381
"ea50192c-9708-11e8-82a3-2078d824af27","14018",9156,11476,10526
"4f70ab5a-9a33-11e8-a608-f017b12b5a53","14011",5413,9720,5710
"bb79e6b0-9fb3-11e8-bef0-eb1702e95e35","13961",5874,9841,7956
"4b3cddae-9a2b-11e8-a40c-1e0e02e95e35","13925",8474,9954,8744
"5ee74e7c-9ef2-11e8-9047-eb1702e95e35","13557",7459,9216,8095
"9da0e2ba-a526-11e8-9b22-8f4a631f500f","13500",6460,9376,6849
"a5dc0066-a154-11e8-84d8-8f4a631f500f","13494",8536,9770,9307
"0e3b9ca8-9ef7-11e8-9137-eb1702e95e35","12898",7699,9319,8264
"96de7c24-00eb-11e8-8743-a08db8bcf5f7","12829",4806,9804,4679
"421f65a6-93f6-11e8-925d-fc60c095174f","12784",5626,7747,6434
"adcf3b3c-9ef0-11e8-a762-a25db12b5a53","12761",4306,8976,4661
"a1ef9464-9a46-11e8-8b2a-1e0e02e95e35","12746",6303,7726,6648
"d89a2080-994f-11e8-b4bc-2078d824af27","12644",7454,9883,8005
"07b77414-9f98-11e8-b572-eb1702e95e35","12405",6115,9491,6806
"e129338e-963f-11e8-a542-2078d824af27","12403",6351,7904,7073
"1c3a3da4-a06a-11e8-815c-41d95f45639c","12313",1508,8746,7041
"aa8477c6-a224-11e8-b201-41d95f45639c","12297",8962,10646,9370
"a1ef9464-9a46-11e8-8b2a-1e0e02e95e35","12276",7543,9016,7955
"36b1feec-9ae3-11e8-8c2d-1e0e02e95e35","12269",5634,8849,6531
"69f972a4-a168-11e8-9077-41d95f45639c","12116",4592,7585,4789
"8453807a-93f0-11e8-b468-fc60c095174f","12088",6858,9596,6943
"a5dc0066-a154-11e8-84d8-8f4a631f500f","12031",5509,6382,6094
"ea50192c-9708-11e8-82a3-2078d824af27","12005",7476,9255,8533
"f462cb8c-957b-11e8-b8cb-fc60c095174f","11985",4045,9442,4354
"163999e2-9af0-11e8-87aa-1e0e02e95e35","11944",4989,8971,5208
"4bbe6494-a536-11e8-adae-8f4a631f500f","11792",7356,9450,8584
"b9a82542-971e-11e8-815e-fc60c095174f","11731",7013,9769,7882
"510a1d42-9c87-11e8-9dc5-a25db12b5a53","11699",5240,5967,5359
"7b2172f8-745d-11e8-a55f-ab7403c1ce92","11547",8636,9610,8935
"456b68e4-9ca8-11e8-884c-eb1702e95e35","11516",4727,5618,4950
"ea50192c-9708-11e8-82a3-2078d824af27","11212",5497,6859,6315
"feb5a38e-a47b-11e8-b5e0-41d95f45639c","11055",5068,6330,5349
"88906ed2-a53e-11e8-aed1-8f4a631f500f","10808",5868,7064,6626
"c97f5c78-9977-11e8-a79d-852902e95e35","10661",3633,7499,3878
"1f0b2036-a22f-11e8-9d4d-8f4a631f500f","10628",4263,5680,4466
"bce1283c-a1fd-11e8-897e-41d95f45639c","10536",3535,6484,3723
"e9383386-995f-11e8-a4ed-852902e95e35","10528",4367,8156,4711
"fa5e724a-9baa-11e8-856a-eb1702e95e35","10471",6433,8264,6971
"69f972a4-a168-11e8-9077-41d95f45639c","10396",3973,6539,4137
"42321806-94b7-11e8-9e55-fc60c095174f","10305",6304,7951,6595
"5ee74e7c-9ef2-11e8-9047-eb1702e95e35","10143",5725,7025,6171
"108aa054-96fe-11e8-bcbd-2078d824af27","10132",3367,5786,3636
"335b20e6-9f90-11e8-80d1-eb1702e95e35","9756",4936,6277,5678
"b9a82542-971e-11e8-815e-fc60c095174f","9598",3837,5176,4168
"3bfd7946-9014-11e8-833b-2078d824af27","9567",5089,8048,4770
"ea50192c-9708-11e8-82a3-2078d824af27","9557",4427,5458,5020
"ae8e992c-a08b-11e8-9082-41d95f45639c","9528",3821,5947,3996
"7b2172f8-745d-11e8-a55f-ab7403c1ce92","9439",6961,7784,7220
"6c6da284-9f98-11e8-bbcf-eb1702e95e35","9408",3795,7323,3960
"ae8e992c-a08b-11e8-9082-41d95f45639c","9396",3757,5767,3929
"0a0d12a0-9c78-11e8-acfb-eb1702e95e35","9352",4367,5609,4729
"456b68e4-9ca8-11e8-884c-eb1702e95e35","9297",4010,4812,4175
"a5956c8a-9ee0-11e8-ad05-a25db12b5a53","9248",4496,7058,4733
"d89a2080-994f-11e8-b4bc-2078d824af27","9222",5238,6982,5648
"3924a578-9659-11e8-ae1c-fc60c095174f","9038",4929,7151,5189
"1f70904e-9b02-11e8-bc21-f017b12b5a53","8988",4187,6894,5066
"85c70544-9a3f-11e8-8dd7-f017b12b5a53","8801",3131,5661,3343
"21b31f3a-a12d-11e8-be1d-41d95f45639c","8745",3026,3550,3260
"94bc8c7e-9c8b-11e8-a40e-a25db12b5a53","8602",4354,7025,4630
"a834ff8a-93d9-11e8-ae17-2078d824af27","8374",4400,6153,4655
"9f71df54-a215-11e8-92a5-8f4a631f500f","8325",4390,6537,4600
"3bfd7946-9014-11e8-833b-2078d824af27","8297",4029,5982,3842
"1f0b2036-a22f-11e8-9d4d-8f4a631f500f","8207",3423,4621,3601
"1c419614-9fb9-11e8-b9f9-eb1702e95e35","8199",4743,6057,5084
"1bca607c-6b24-11e8-b44b-8ed2e26c6167","8189",7212,8001,7549
"ae8e992c-a08b-11e8-9082-41d95f45639c","8170",4537,6836,4741
"3bfd7946-9014-11e8-833b-2078d824af27","8163",4166,6393,3930
"fa5e724a-9baa-11e8-856a-eb1702e95e35","8100",4955,6400,5420
"3924a578-9659-11e8-ae1c-fc60c095174f","7969",3394,4892,3556
"5465e68c-9968-11e8-b9c7-852902e95e35","7756",5213,5972,5341
"f7b56108-8e75-11e8-b34d-8869a7fcb7dc","7755",5061,5920,5496
"aa8477c6-a224-11e8-b201-41d95f45639c","7746",3596,4350,3756
"82386dd2-9ba2-11e8-86e9-a25db12b5a53","7676",3670,4464,4101
"1c3a3da4-a06a-11e8-815c-41d95f45639c","7675",978,6099,4844
"6d7eb81e-9af9-11e8-88d9-f017b12b5a53","7665",1950,2691,2057
"3bfd7946-9014-11e8-833b-2078d824af27","7642",3571,5627,3359
"c43b5286-a146-11e8-bf2c-8f4a631f500f","7563",763,3863,3295
"3d66192a-9490-11e8-9907-2078d824af27","7482",4091,4913,4280
"c83591a6-a05d-11e8-af80-8f4a631f500f","7469",3523,4671,3619
"45b330ee-9a18-11e8-b397-f017b12b5a53","7432",3423,4670,3945
"1f70904e-9b02-11e8-bc21-f017b12b5a53","7429",3762,5946,4492
"421f65a6-93f6-11e8-925d-fc60c095174f","7380",4327,5062,4607
"3446b5f6-956d-11e8-a183-fc60c095174f","7224",3598,4142,3760
"2638cfae-9c74-11e8-96ad-a25db12b5a53","7179",4018,5206,4289
"d138d0c6-9bf6-11e8-8f8e-eb1702e95e35","7128",3212,4883,3430
"1a789cb2-9b07-11e8-b29c-f017b12b5a53","7038",2741,3472,3301
"3924a578-9659-11e8-ae1c-fc60c095174f","6890",2878,4059,3016
"9f71df54-a215-11e8-92a5-8f4a631f500f","6761",2525,3769,2646
"f462cb8c-957b-11e8-b8cb-fc60c095174f","6732",2286,5350,2430
"ab6ccd1a-5fed-11e8-b53b-be327c3166de","6598",4109,4603,4231
"7dedba16-9bd4-11e8-b6f7-a25db12b5a53","6554",2685,3815,2782
"bb79e6b0-9fb3-11e8-bef0-eb1702e95e35","6486",3016,4814,3983
"9f71df54-a215-11e8-92a5-8f4a631f500f","6436",2832,4181,2955
"21b31f3a-a12d-11e8-be1d-41d95f45639c","6409",1831,2173,2005
"9a432d1c-9fa9-11e8-b1b7-a25db12b5a53","6408",3140,4235,3223
"10e87e8a-94a2-11e8-ba78-2078d824af27","6365",3762,4379,3882
"6d7eb81e-9af9-11e8-88d9-f017b12b5a53","6325",1373,1888,1448
"b9a82542-971e-11e8-815e-fc60c095174f","6280",2776,3753,3044
"adcf3b3c-9ef0-11e8-a762-a25db12b5a53","6259",2179,4709,2351
"639f36c2-00ec-11e8-86c6-d6fd8c1371f3","6247",4799,5403,4805
"b9a82542-971e-11e8-815e-fc60c095174f","6247",2449,3407,2721
"c83591a6-a05d-11e8-af80-8f4a631f500f","6229",3187,4239,3289
"6d99ea58-a125-11e8-85de-8f4a631f500f","6197",1884,2250,1971
"72319330-9ed3-11e8-8dc8-eb1702e95e35","6180",3230,3906,3326
"aa8477c6-a224-11e8-b201-41d95f45639c","6065",2919,3491,3021
"1f0b2036-a22f-11e8-9d4d-8f4a631f500f","6055",2163,2862,2251
"3446b5f6-956d-11e8-a183-fc60c095174f","5883",3314,3746,3457
"8f90dcb2-79fb-11e8-b362-4ceaba6bc217","5830",3965,5668,4106
"142ff8ac-a55f-11e8-8c59-8f4a631f500f","5776",2442,3045,2585
"6d99ea58-a125-11e8-85de-8f4a631f500f","5696",1460,1729,1527
"c429cfac-9593-11e8-863b-fc60c095174f","5660",1163,2785,1217
"2104c2e2-9eca-11e8-ba53-eb1702e95e35","5626",2120,3098,2170
"f0342652-96f5-11e8-83ad-2078d824af27","5612",2928,4729,3225
"1a789cb2-9b07-11e8-b29c-f017b12b5a53","5593",3216,3998,3800
"fd0296d2-93ff-11e8-a43c-fc60c095174f","5574",1619,4409,1682
"6586e2d8-a14f-11e8-afd8-8f4a631f500f","5525",2176,4415,2274
"1a789cb2-9b07-11e8-b29c-f017b12b5a53","5520",1885,2356,2240
"9f71df54-a215-11e8-92a5-8f4a631f500f","5440",2058,3079,2155
"108aa054-96fe-11e8-bcbd-2078d824af27","5404",2627,4306,2842
"6586e2d8-a14f-11e8-afd8-8f4a631f500f","5397",1542,2937,1611
"c429cfac-9593-11e8-863b-fc60c095174f","5372",1036,2333,1098
"c43b5286-a146-11e8-bf2c-8f4a631f500f","5363",582,3706,3191
"891d4278-67d4-11e8-9a86-fb1b3249e00a","5359",3414,4729,3555
"0a0d12a0-9c78-11e8-acfb-eb1702e95e35","5343",2238,2801,2389
"b9a82542-971e-11e8-815e-fc60c095174f","5342",3026,4186,3384
"aa8477c6-a224-11e8-b201-41d95f45639c","5335",2819,3441,2945
"c43b5286-a146-11e8-bf2c-8f4a631f500f","5268",334,1976,1728
"138ad2d4-9559-11e8-993b-2078d824af27","5167",2296,3940,2555
"0a0d12a0-9c78-11e8-acfb-eb1702e95e35","5007",2927,3659,3148
"36b1feec-9ae3-11e8-8c2d-1e0e02e95e35","4952",2169,3408,2523
"6d7eb81e-9af9-11e8-88d9-f017b12b5a53","4938",2340,3184,2458
"4b3cddae-9a2b-11e8-a40c-1e0e02e95e35","4916",2893,3363,2992
"5465e68c-9968-11e8-b9c7-852902e95e35","4842",4030,4548,4133
"fe3217ec-9a0f-11e8-b345-107bb12b5a53","4822",1838,3008,2233
"7dedba16-9bd4-11e8-b6f7-a25db12b5a53","4792",2436,3662,2529
"c429cfac-9593-11e8-863b-fc60c095174f","4786",1513,3709,1571
"c83591a6-a05d-11e8-af80-8f4a631f500f","4782",3074,4042,3163
"82386dd2-9ba2-11e8-86e9-a25db12b5a53","4756",2809,3448,3175
"9812c736-a211-11e8-9004-8f4a631f500f","4750",1385,3528,1441
"e129338e-963f-11e8-a542-2078d824af27","4645",2105,2644,2368
"82386dd2-9ba2-11e8-86e9-a25db12b5a53","4625",1852,2204,2045
"7dedba16-9bd4-11e8-b6f7-a25db12b5a53","4611",1674,2434,1747
"5465e68c-9968-11e8-b9c7-852902e95e35","4600",3779,4299,3875
"456b68e4-9ca8-11e8-884c-eb1702e95e35","4579",2864,3436,3034
"b6f434f0-9631-11e8-8a60-fc60c095174f","4523",1815,2465,1898
"0814e520-9d3d-11e8-89aa-a25db12b5a53","4344",1357,3067,1400
"ab6ccd1a-5fed-11e8-b53b-be327c3166de","4329",3136,3514,3224
"21b31f3a-a12d-11e8-be1d-41d95f45639c","4323",2251,2596,2409
"cf8d0e1c-9639-11e8-936f-2078d824af27","4280",2038,3568,2722
"e9383386-995f-11e8-a4ed-852902e95e35","4276",1552,2961,1698
"bce1283c-a1fd-11e8-897e-41d95f45639c","4265",1719,3361,1836
"10e87e8a-94a2-11e8-ba78-2078d824af27","4224",3028,3376,3119
"42321806-94b7-11e8-9e55-fc60c095174f","4223",2398,3113,2533
"3446b5f6-956d-11e8-a183-fc60c095174f","4101",2744,3144,2881
"ea50192c-9708-11e8-82a3-2078d824af27","4046",2548,3161,2946
"0a0d12a0-9c78-11e8-acfb-eb1702e95e35","3981",1746,2153,1846
"ab6ccd1a-5fed-11e8-b53b-be327c3166de","3980",2645,3052,2723
"907ae110-96eb-11e8-96a7-fc60c095174f","3976",1908,2666,2426
"639f36c2-00ec-11e8-86c6-d6fd8c1371f3","3951",2939,3334,2960
"fa18e6d4-9bb5-11e8-a60f-eb1702e95e35","3863",738,3641,2937
"ab6ccd1a-5fed-11e8-b53b-be327c3166de","3810",2161,2462,2224
"6d99ea58-a125-11e8-85de-8f4a631f500f","3787",1976,2380,2082
"3d66192a-9490-11e8-9907-2078d824af27","3749",2765,3210,2853
"cf8d0e1c-9639-11e8-936f-2078d824af27","3724",1776,3007,2313
"e129338e-963f-11e8-a542-2078d824af27","3704",1965,2463,2203
"d138d0c6-9bf6-11e8-8f8e-eb1702e95e35","3696",1568,2034,1626
"0e3b9ca8-9ef7-11e8-9137-eb1702e95e35","3680",1918,2331,2074
"459e47c8-89b1-11e8-a236-8869a7fcb7dc","3590",2436,3040,2549
"fe061f3a-06a2-11e8-9dee-328f588b2a65","3581",2352,3308,2671
"b6f434f0-9631-11e8-8a60-fc60c095174f","3556",1965,2753,2054
"a32029c6-89a1-11e8-a1c4-5683a7fcb7dc","3514",3212,3470,3320
"6586e2d8-a14f-11e8-afd8-8f4a631f500f","3451",756,1419,796
"e129338e-963f-11e8-a542-2078d824af27","3415",1406,1728,1556
"d95fc914-170b-11e8-b027-36686c0143b9","3409",261,448,218
"163999e2-9af0-11e8-87aa-1e0e02e95e35","3402",870,1396,910
"a1ef9464-9a46-11e8-8b2a-1e0e02e95e35","3399",1713,2071,1816
"4f70ab5a-9a33-11e8-a608-f017b12b5a53","3373",1070,1869,1146
"fcf7151c-94ce-11e8-9aff-fc60c095174f","3358",1251,2398,1390
"a5dc0066-a154-11e8-84d8-8f4a631f500f","3358",2223,2495,2403
"fb4e9adc-958c-11e8-89f9-fc60c095174f","3354",779,1068,804
"158570c8-747d-11e8-aa2c-f0a9a6a83071","3344",1969,2657,2111
"c5eb79ce-a085-11e8-a080-41d95f45639c","3319",636,925,691
"7990d002-9fbc-11e8-9724-a25db12b5a53","3306",1463,1779,1576
"d1a1b35a-93ce-11e8-bcba-fc60c095174f","3261",1431,2210,1589
"b6f434f0-9631-11e8-8a60-fc60c095174f","3242",969,1346,1022
"99301356-9953-11e8-8039-2078d824af27","3210",947,1755,1313
"fb4e9adc-958c-11e8-89f9-fc60c095174f","3159",620,852,641
"ab6ccd1a-5fed-11e8-b53b-be327c3166de","3048",1744,2008,1816
"14b01f4c-707f-11e8-afa1-ab7403c1ce92","3029",1867,2571,2109
"07b77414-9f98-11e8-b572-eb1702e95e35","3020",1394,2005,1547
"421f65a6-93f6-11e8-925d-fc60c095174f","3018",2271,2734,2443
"ae91f93c-964f-11e8-aa2d-2078d824af27","3003",1334,2139,1362
"6d7eb81e-9af9-11e8-88d9-f017b12b5a53","2873",2214,2657,2298
"39c24f2a-8fe8-11e8-ab25-e0e8393def43","2840",2188,2589,2257
"6c6da284-9f98-11e8-bbcf-eb1702e95e35","2832",1054,1977,1103
"ab6ccd1a-5fed-11e8-b53b-be327c3166de","2809",1843,2062,1890
"10e87e8a-94a2-11e8-ba78-2078d824af27","2796",2052,2281,2114
"891d4278-67d4-11e8-9a86-fb1b3249e00a","2777",1539,2141,1615
"5465e68c-9968-11e8-b9c7-852902e95e35","2739",2172,2468,2240
"3080a7a0-81b4-11e8-9638-f86fca9e9af2","2713",1245,2359,1198
"aa8477c6-a224-11e8-b201-41d95f45639c","2710",1833,2208,1944
"5465e68c-9968-11e8-b9c7-852902e95e35","2695",2123,2402,2176
"9258c4e2-9188-11e8-baef-fc60c095174f","2674",654,1850,696
"3d66192a-9490-11e8-9907-2078d824af27","2669",1727,2000,1773
"f0ccfd3c-013b-11e8-ac5d-a08db8bcf5f7","2667",1840,2124,1825
"8453807a-93f0-11e8-b468-fc60c095174f","2664",1350,1858,1383
"d95fc914-170b-11e8-b027-36686c0143b9","2651",218,400,181
"96de7c24-00eb-11e8-8743-a08db8bcf5f7","2605",514,1162,498
"459e47c8-89b1-11e8-a236-8869a7fcb7dc","2601",1561,1968,1610
"c97f5c78-9977-11e8-a79d-852902e95e35","2595",710,1416,757
"ae8e992c-a08b-11e8-9082-41d95f45639c","2537",1622,2209,1685
"5ee74e7c-9ef2-11e8-9047-eb1702e95e35","2506",1416,1647,1487
"d95fc914-170b-11e8-b027-36686c0143b9","2480",176,370,142
"11dd5cd2-414d-11e8-8d21-a1e87e988848","2475",1471,1644,1500
"3d66192a-9490-11e8-9907-2078d824af27","2467",1744,2008,1813
"1a789cb2-9b07-11e8-b29c-f017b12b5a53","2463",1873,2231,2107
"1f0b2036-a22f-11e8-9d4d-8f4a631f500f","2399",1259,1610,1322
"0814e520-9d3d-11e8-89aa-a25db12b5a53","2398",1007,2144,1015
"fa18e6d4-9bb5-11e8-a60f-eb1702e95e35","2392",196,1354,1016
"10e87e8a-94a2-11e8-ba78-2078d824af27","2382",2073,2307,2135
"3bfd7946-9014-11e8-833b-2078d824af27","2377",1038,1544,1001
"c429cfac-9593-11e8-863b-fc60c095174f","2358",1018,2224,1064
"f7b56108-8e75-11e8-b34d-8869a7fcb7dc","2309",1524,1800,1664
"421f65a6-93f6-11e8-925d-fc60c095174f","2305",1085,1312,1186
"deaf89cc-00ef-11e8-a834-a08db8bcf5f7","2304",1024,1986,763
"69f972a4-a168-11e8-9077-41d95f45639c","2271",1032,1558,1088
"1c3a3da4-a06a-11e8-815c-41d95f45639c","2264",266,1676,1345
"afcaa190-1df1-11e8-805a-deccd0dd5d77","2257",1418,1809,1485
"57203bf0-6fa3-11e8-b5a2-70a303c1ce92","2246",1682,1810,1714
"0814e520-9d3d-11e8-89aa-a25db12b5a53","2237",993,2026,1018
"fb4e9adc-958c-11e8-89f9-fc60c095174f","2218",1071,1418,1115
"545ac28c-8c04-11e8-8f45-e0e8393def43","2212",1789,2147,1828
"459e47c8-89b1-11e8-a236-8869a7fcb7dc","2175",1233,1570,1296
"c8ba8210-94b1-11e8-ac97-2078d824af27","2169",854,1398,898
"fa18e6d4-9bb5-11e8-a60f-eb1702e95e35","2156",390,2043,1633
"9fcaabc8-8fd4-11e8-8398-e0e8393def43","2143",1497,1823,1546
"421f65a6-93f6-11e8-925d-fc60c095174f","2126",1563,1887,1686
"351ef64a-8a65-11e8-8ca7-8869a7fcb7dc","2107",1676,1993,1707
"7b2172f8-745d-11e8-a55f-ab7403c1ce92","2106",1378,1568,1435
"d89a2080-994f-11e8-b4bc-2078d824af27","2088",1004,1336,1089
"421f65a6-93f6-11e8-925d-fc60c095174f","2061",1544,1899,1695
"d138d0c6-9bf6-11e8-8f8e-eb1702e95e35","2051",1070,1423,1117
"fa5e724a-9baa-11e8-856a-eb1702e95e35","2035",935,1140,996
"b23460a8-00e9-11e8-84ee-00bd8c1371f3","2012",1285,1771,1432
"3d66192a-9490-11e8-9907-2078d824af27","1977",1669,1926,1726
"45b330ee-9a18-11e8-b397-f017b12b5a53","1959",780,1078,913
"3446b5f6-956d-11e8-a183-fc60c095174f","1953",1373,1538,1456
"3080a7a0-81b4-11e8-9638-f86fca9e9af2","1946",708,1323,685
"158570c8-747d-11e8-aa2c-f0a9a6a83071","1940",989,1395,1074
"421f65a6-93f6-11e8-925d-fc60c095174f","1916",1391,1673,1512
"8e1f84aa-46ca-11e8-9901-de2ce12992ad","1889",1588,1864,1683
"2638cfae-9c74-11e8-96ad-a25db12b5a53","1857",1384,1677,1435
"a834ff8a-93d9-11e8-ae17-2078d824af27","1836",808,1149,856
"1a25424e-917d-11e8-9d5b-2078d824af27","1813",819,1089,892
"14b01f4c-707f-11e8-afa1-ab7403c1ce92","1799",1031,1385,1171
"335b20e6-9f90-11e8-80d1-eb1702e95e35","1795",1434,1649,1510
"459e47c8-89b1-11e8-a236-8869a7fcb7dc","1784",1136,1411,1184
"3924a578-9659-11e8-ae1c-fc60c095174f","1772",833,1169,890
"3d66192a-9490-11e8-9907-2078d824af27","1741",1242,1424,1291
"f0ccfd3c-013b-11e8-ac5d-a08db8bcf5f7","1721",1165,1350,1152
"85c70544-9a3f-11e8-8dd7-f017b12b5a53","1721",356,636,381
"9fcaabc8-8fd4-11e8-8398-e0e8393def43","1719",1194,1505,1256
"1f70904e-9b02-11e8-bc21-f017b12b5a53","1701",384,618,470
"ab6ccd1a-5fed-11e8-b53b-be327c3166de","1694",1314,1444,1350
"94bc8c7e-9c8b-11e8-a40e-a25db12b5a53","1684",705,995,737
"f462cb8c-957b-11e8-b8cb-fc60c095174f","1659",204,475,221
"3d66192a-9490-11e8-9907-2078d824af27","1621",1321,1552,1358
"3446b5f6-956d-11e8-a183-fc60c095174f","1600",1122,1293,1199
"4b3cddae-9a2b-11e8-a40c-1e0e02e95e35","1581",1267,1466,1307
"1bca607c-6b24-11e8-b44b-8ed2e26c6167","1573",1333,1478,1390
"94bc8c7e-9c8b-11e8-a40e-a25db12b5a53","1570",640,918,683
"1a789cb2-9b07-11e8-b29c-f017b12b5a53","1570",1151,1430,1316
"cc881dae-220a-11e8-a885-7f6bd0dd5d77","1566",1158,1515,1109
"3329e1c2-30f8-11e8-9ae4-ec97670cc1e3","1556",847,1386,1047
"0814e520-9d3d-11e8-89aa-a25db12b5a53","1554",295,684,293
"ab6ccd1a-5fed-11e8-b53b-be327c3166de","1531",1143,1267,1172
"f8f22494-91ad-11e8-ac8f-fc60c095174f","1520",623,887,655
"afcaa190-1df1-11e8-805a-deccd0dd5d77","1485",785,1043,818
"163999e2-9af0-11e8-87aa-1e0e02e95e35","1484",482,714,495
"5277927e-0fef-11e8-b2b2-02ed3694657e","1474",1253,1409,1299
"c429cfac-9593-11e8-863b-fc60c095174f","1468",681,1356,710
"6d7eb81e-9af9-11e8-88d9-f017b12b5a53","1448",1138,1375,1193
"fd0296d2-93ff-11e8-a43c-fc60c095174f","1443",666,1312,690
"9f71df54-a215-11e8-92a5-8f4a631f500f","1430",603,879,646
"e53a6e88-90a5-11e8-a466-2078d824af27","1396",1205,1324,1247
"c8ba8210-94b1-11e8-ac97-2078d824af27","1376",445,661,457
"510a1d42-9c87-11e8-9dc5-a25db12b5a53","1372",593,663,600
"fa5e724a-9baa-11e8-856a-eb1702e95e35","1369",774,988,845
"1f70904e-9b02-11e8-bc21-f017b12b5a53","1359",228,390,283
"335b20e6-9f90-11e8-80d1-eb1702e95e35","1340",1017,1198,1075
"c029feae-01f5-11e8-a8c0-a08db8bcf5f7","1333",903,1037,835
"9258c4e2-9188-11e8-baef-fc60c095174f","1332",540,1191,568
"10e87e8a-94a2-11e8-ba78-2078d824af27","1323",1146,1280,1184
"f7b56108-8e75-11e8-b34d-8869a7fcb7dc","1312",687,866,757
"3080a7a0-81b4-11e8-9638-f86fca9e9af2","1310",478,941,472
"1a449504-6a36-11e8-86b0-85aca6a83071","1307",723,1284,722
"9a432d1c-9fa9-11e8-b1b7-a25db12b5a53","1305",940,1197,958
"fa5e724a-9baa-11e8-856a-eb1702e95e35","1295",386,498,415
"fd0296d2-93ff-11e8-a43c-fc60c095174f","1283",624,1205,648
"2638cfae-9c74-11e8-96ad-a25db12b5a53","1279",953,1188,1006
"96de7c24-00eb-11e8-8743-a08db8bcf5f7","1276",345,712,328
"8f90dcb2-79fb-11e8-b362-4ceaba6bc217","1267",767,1179,795
"c5eb79ce-a085-11e8-a080-41d95f45639c","1263",272,361,287
"4b3cddae-9a2b-11e8-a40c-1e0e02e95e35","1257",1020,1183,1051
"510a1d42-9c87-11e8-9dc5-a25db12b5a53","1249",676,757,697
"d5b9ac3c-3671-11e8-a522-c70d7f988848","1246",941,1174,1041
"adcf3b3c-9ef0-11e8-a762-a25db12b5a53","1223",335,749,373
"3446b5f6-956d-11e8-a183-fc60c095174f","1219",560,658,603
"3924a578-9659-11e8-ae1c-fc60c095174f","1218",844,1092,886
"2ddf22de-868b-11e8-95d8-f63dca9e9af2","1200",1020,1169,1074
"9258c4e2-9188-11e8-baef-fc60c095174f","1197",454,1054,483
"96de7c24-00eb-11e8-8743-a08db8bcf5f7","1176",405,879,382
"b9a82542-971e-11e8-815e-fc60c095174f","1158",559,760,617
"351ef64a-8a65-11e8-8ca7-8869a7fcb7dc","1154",898,1099,921
"c83591a6-a05d-11e8-af80-8f4a631f500f","1149",740,871,760
"639f36c2-00ec-11e8-86c6-d6fd8c1371f3","1144",853,983,862
"1c419614-9fb9-11e8-b9f9-eb1702e95e35","1144",567,733,604
"e53a6e88-90a5-11e8-a466-2078d824af27","1143",923,1030,952
"8e1f84aa-46ca-11e8-9901-de2ce12992ad","1134",952,1114,997
"e53a6e88-90a5-11e8-a466-2078d824af27","1114",950,1043,980
"94bc8c7e-9c8b-11e8-a40e-a25db12b5a53","1106",546,815,580
"d1983f34-7072-11e8-9b2e-ab7403c1ce92","1096",578,974,621
"1a789cb2-9b07-11e8-b29c-f017b12b5a53","1083",822,1007,932
"ab6ccd1a-5fed-11e8-b53b-be327c3166de","1081",625,712,650
"163999e2-9af0-11e8-87aa-1e0e02e95e35","1080",638,1006,661
"158570c8-747d-11e8-aa2c-f0a9a6a83071","1068",559,753,605
"a32029c6-89a1-11e8-a1c4-5683a7fcb7dc","1050",946,1034,975
"6d7eb81e-9af9-11e8-88d9-f017b12b5a53","1040",479,638,515
"10e87e8a-94a2-11e8-ba78-2078d824af27","1039",704,795,730
"925488dc-8e54-11e8-a0ec-e0e8393def43","1030",858,999,895
"6ff50a26-44a0-11e8-9e48-de2ce12992ad","1028",753,844,777
"21b31f3a-a12d-11e8-be1d-41d95f45639c","1017",430,517,459
"5465e68c-9968-11e8-b9c7-852902e95e35","1013",820,938,846
"3446b5f6-956d-11e8-a183-fc60c095174f","1011",714,790,756
"e4525d10-6962-11e8-bf55-fb1b3249e00a","1011",264,770,687
"85c70544-9a3f-11e8-8dd7-f017b12b5a53","1009",447,732,473
"510a1d42-9c87-11e8-9dc5-a25db12b5a53","1006",492,575,508
"4b3cddae-9a2b-11e8-a40c-1e0e02e95e35","1003",777,874,799
"42321806-94b7-11e8-9e55-fc60c095174f","1000",466,602,501
"b23460a8-00e9-11e8-84ee-00bd8c1371f3","995",657,843,707
"9a432d1c-9fa9-11e8-b1b7-a25db12b5a53","986",659,863,675
"639f36c2-00ec-11e8-86c6-d6fd8c1371f3","973",692,785,702
"cc881dae-220a-11e8-a885-7f6bd0dd5d77","973",732,938,698
"b80ec268-8517-11e8-b5d2-d8cdf617378b","968",836,928,867
"163999e2-9af0-11e8-87aa-1e0e02e95e35","966",568,902,579
"9a432d1c-9fa9-11e8-b1b7-a25db12b5a53","964",676,846,691
"3d66192a-9490-11e8-9907-2078d824af27","960",822,903,847
"c68d5b34-0546-11e8-b8df-6836f727bb7d","959",271,719,312
"158570c8-747d-11e8-aa2c-f0a9a6a83071","959",617,810,658
"36b1feec-9ae3-11e8-8c2d-1e0e02e95e35","946",182,285,222
"94bc8c7e-9c8b-11e8-a40e-a25db12b5a53","946",432,655,472
"cf8d0e1c-9639-11e8-936f-2078d824af27","939",318,533,417
"3031c876-90c1-11e8-a3d8-2078d824af27","935",735,874,803
"fdc8b106-8a58-11e8-8695-e0e8393def43","932",780,903,808
"fd79e8cc-738e-11e8-988e-f0a9a6a83071","932",562,783,730
"85c70544-9a3f-11e8-8dd7-f017b12b5a53","932",336,511,365
"0a0d12a0-9c78-11e8-acfb-eb1702e95e35","907",409,495,437
"5465e68c-9968-11e8-b9c7-852902e95e35","902",730,836,755
"9258c4e2-9188-11e8-baef-fc60c095174f","890",324,753,369
"c183bb3e-6bb6-11e8-8f74-8ed2e26c6167","890",328,866,339
"e129338e-963f-11e8-a542-2078d824af27","886",374,458,414
"a20ce268-00e9-11e8-94e6-cf60b8bcf5f7","882",1,3,2
"421f65a6-93f6-11e8-925d-fc60c095174f","880",386,474,419
"108aa054-96fe-11e8-bcbd-2078d824af27","878",559,804,597
"ab6ccd1a-5fed-11e8-b53b-be327c3166de","871",625,680,633
"5465e68c-9968-11e8-b9c7-852902e95e35","862",709,794,725
"c429cfac-9593-11e8-863b-fc60c095174f","855",406,812,424
"e289578e-0109-11e8-abb3-a08db8bcf5f7","848",668,805,687
"5465e68c-9968-11e8-b9c7-852902e95e35","841",677,782,697
"421f65a6-93f6-11e8-925d-fc60c095174f","834",316,410,358
"a5956c8a-9ee0-11e8-ad05-a25db12b5a53","833",515,678,539
"3446b5f6-956d-11e8-a183-fc60c095174f","831",532,652,572
"c881cb96-8c0a-11e8-8ed5-8869a7fcb7dc","829",435,546,484
"c8ba8210-94b1-11e8-ac97-2078d824af27","826",227,393,242
"158570c8-747d-11e8-aa2c-f0a9a6a83071","825",423,544,463
"68fbf22e-6fb7-11e8-8028-f0a9a6a83071","822",661,796,631
"fdc8b106-8a58-11e8-8695-e0e8393def43","821",646,777,689
"c429cfac-9593-11e8-863b-fc60c095174f","819",374,776,404
"335b20e6-9f90-11e8-80d1-eb1702e95e35","816",590,683,617
"f7b56108-8e75-11e8-b34d-8869a7fcb7dc","815",386,491,428
"335b20e6-9f90-11e8-80d1-eb1702e95e35","805",569,676,597
"d1983f34-7072-11e8-9b2e-ab7403c1ce92","803",385,635,401
"e60d6780-5814-11e8-81c8-c044553edb85","801",428,770,490
"e9383386-995f-11e8-a4ed-852902e95e35","801",219,392,238
"deaf89cc-00ef-11e8-a834-a08db8bcf5f7","799",327,644,287
"1bca607c-6b24-11e8-b44b-8ed2e26c6167","798",700,775,729
"3329e1c2-30f8-11e8-9ae4-ec97670cc1e3","797",466,707,556
"39c24f2a-8fe8-11e8-ab25-e0e8393def43","795",665,771,679
"7b2172f8-745d-11e8-a55f-ab7403c1ce92","794",338,392,358
"639f36c2-00ec-11e8-86c6-d6fd8c1371f3","792",605,679,593
"c8ba8210-94b1-11e8-ac97-2078d824af27","785",213,342,227
"e4525d10-6962-11e8-bf55-fb1b3249e00a","780",183,560,508
"85c70544-9a3f-11e8-8dd7-f017b12b5a53","779",325,490,349
"9fcaabc8-8fd4-11e8-8398-e0e8393def43","779",584,731,611
"1f70904e-9b02-11e8-bc21-f017b12b5a53","779",304,465,355
"8d837ec6-00fb-11e8-9f84-d6fd8c1371f3","776",583,753,579
"cf8d0e1c-9639-11e8-936f-2078d824af27","776",210,344,263
"347897ac-00f2-11e8-91b7-d6fd8c1371f3","774",522,665,496
"5277927e-0fef-11e8-b2b2-02ed3694657e","771",654,753,692
"040fa184-90b5-11e8-ade0-fc60c095174f","771",525,665,575
"5bca5b5c-013c-11e8-a44d-a08db8bcf5f7","770",710,752,725
"4b3cddae-9a2b-11e8-a40c-1e0e02e95e35","764",564,651,586
"b2c1fd62-6a4a-11e8-a6f6-8ed2e26c6167","759",597,753,607
"ae91f93c-964f-11e8-aa2d-2078d824af27","756",459,675,474
"d95fc914-170b-11e8-b027-36686c0143b9","749",129,198,121
"7b3a104e-90d0-11e8-af4d-2078d824af27","748",594,670,610
"fb4e9adc-958c-11e8-89f9-fc60c095174f","746",633,736,648
"639f36c2-00ec-11e8-86c6-d6fd8c1371f3","743",488,530,484
"d5b9ac3c-3671-11e8-a522-c70d7f988848","738",566,700,616
"925488dc-8e54-11e8-a0ec-e0e8393def43","738",621,703,644
"5465e68c-9968-11e8-b9c7-852902e95e35","737",582,676,607
"cf8d0e1c-9639-11e8-936f-2078d824af27","731",297,543,420
"c8ba8210-94b1-11e8-ac97-2078d824af27","728",134,214,140
"94bc8c7e-9c8b-11e8-a40e-a25db12b5a53","727",319,487,349
"f462cb8c-957b-11e8-b8cb-fc60c095174f","726",105,197,109
"7dedba16-9bd4-11e8-b6f7-a25db12b5a53","721",350,629,359
"7dedba16-9bd4-11e8-b6f7-a25db12b5a53","719",346,590,375
"f7b56108-8e75-11e8-b34d-8869a7fcb7dc","717",325,430,361
"10e87e8a-94a2-11e8-ba78-2078d824af27","715",587,644,604
"dc5f5332-8682-11e8-a5eb-5683a7fcb7dc","715",631,702,643
"c8ba8210-94b1-11e8-ac97-2078d824af27","714",142,230,152
"96de8e12-00eb-11e8-8743-a08db8bcf5f7","711",315,389,305
"7b2172f8-745d-11e8-a55f-ab7403c1ce92","709",446,534,482
"1c419614-9fb9-11e8-b9f9-eb1702e95e35","708",570,666,587
"0e3b9ca8-9ef7-11e8-9137-eb1702e95e35","708",504,592,528
"5465e68c-9968-11e8-b9c7-852902e95e35","707",567,640,588
"38293cc4-90b9-11e8-9d44-fc60c095174f","706",263,537,295
"f7b56108-8e75-11e8-b34d-8869a7fcb7dc","705",559,658,612
"ab43adb6-1c6a-11e8-a41c-4d238c11f014","692",519,550,530
"c68d5b34-0546-11e8-b8df-6836f727bb7d","689",177,502,208
"9258c4e2-9188-11e8-baef-fc60c095174f","689",242,586,264
"7990d002-9fbc-11e8-9724-a25db12b5a53","685",496,587,532
"510a1d42-9c87-11e8-9dc5-a25db12b5a53","684",301,364,309
"89e5ff32-1d25-11e8-aa47-8fc5d0dd5d77","680",461,652,484
"73a73d14-8f24-11e8-8494-e0e8393def43","678",189,396,200
"ab6ccd1a-5fed-11e8-b53b-be327c3166de","678",460,499,466
"c5eb79ce-a085-11e8-a080-41d95f45639c","677",504,627,535
"6c6da284-9f98-11e8-bbcf-eb1702e95e35","676",367,627,388
"c8ba8210-94b1-11e8-ac97-2078d824af27","675",306,515,319
"3c79e21e-80f2-11e8-8d1b-d8cdf617378b","674",493,636,520
"fd0296d2-93ff-11e8-a43c-fc60c095174f","669",286,550,299
"421f65a6-93f6-11e8-925d-fc60c095174f","664",389,457,417
"fd79e8cc-738e-11e8-988e-f0a9a6a83071","663",408,539,517
"73a73d14-8f24-11e8-8494-e0e8393def43","656",216,416,224
"25c3bc04-00e9-11e8-991b-00bd8c1371f3","655",182,647,210
"3080a7a0-81b4-11e8-9638-f86fca9e9af2","654",278,549,280
"04967534-0bdf-11e8-ae62-ea2c588b2a65","653",477,518,478
"3bfd7946-9014-11e8-833b-2078d824af27","650",298,509,282
"347897ac-00f2-11e8-91b7-d6fd8c1371f3","648",288,378,278
"94bc8c7e-9c8b-11e8-a40e-a25db12b5a53","644",236,340,244
"8f90dcb2-79fb-11e8-b362-4ceaba6bc217","644",478,627,497
"1a449504-6a36-11e8-86b0-85aca6a83071","643",357,630,357
"d1983f34-7072-11e8-9b2e-ab7403c1ce92","639",278,476,293
"1a449504-6a36-11e8-86b0-85aca6a83071","639",322,616,317
"fb4e9adc-958c-11e8-89f9-fc60c095174f","638",527,608,537
"fd0296d2-93ff-11e8-a43c-fc60c095174f","635",299,541,307
"0e3b9ca8-9ef7-11e8-9137-eb1702e95e35","633",482,567,501
"1bca607c-6b24-11e8-b44b-8ed2e26c6167","628",555,600,577
"fe061f3a-06a2-11e8-9dee-328f588b2a65","625",345,488,399
"7b7dc7ec-017b-11e8-b43b-a08db8bcf5f7","623",377,512,500
"9fcaabc8-8fd4-11e8-8398-e0e8393def43","617",517,584,535
"5277927e-0fef-11e8-b2b2-02ed3694657e","610",509,572,525
"c029feae-01f5-11e8-a8c0-a08db8bcf5f7","606",421,497,393
"45b330ee-9a18-11e8-b397-f017b12b5a53","605",376,530,448
"73a73d14-8f24-11e8-8494-e0e8393def43","604",214,423,230
"5277927e-0fef-11e8-b2b2-02ed3694657e","603",509,588,540
"ea50192c-9708-11e8-82a3-2078d824af27","601",354,473,405
"57f69890-00e9-11e8-97fa-cf60b8bcf5f7","601",494,570,532
"c43b5286-a146-11e8-bf2c-8f4a631f500f","601",144,483,400
"3031c876-90c1-11e8-a3d8-2078d824af27","594",424,558,476
"549cf932-7aa6-11e8-9740-4ceaba6bc217","594",368,478,391
"2638cfae-9c74-11e8-96ad-a25db12b5a53","594",404,531,434
"7b2172f8-745d-11e8-a55f-ab7403c1ce92","594",186,224,203
"d21c36b2-00e8-11e8-9a2d-cf60b8bcf5f7","593",171,440,186
"3329e1c2-30f8-11e8-9ae4-ec97670cc1e3","590",295,447,354
"85c70544-9a3f-11e8-8dd7-f017b12b5a53","588",221,350,232
"07b77414-9f98-11e8-b572-eb1702e95e35","587",436,556,461
"d95fc914-170b-11e8-b027-36686c0143b9","586",109,180,108
"639f36c2-00ec-11e8-86c6-d6fd8c1371f3","586",387,450,400
"fb4e9adc-958c-11e8-89f9-fc60c095174f","582",474,558,488
"10e87e8a-94a2-11e8-ba78-2078d824af27","577",428,467,437
"c8ba8210-94b1-11e8-ac97-2078d824af27","575",241,378,254
"ab6ccd1a-5fed-11e8-b53b-be327c3166de","575",413,454,422
"39c24f2a-8fe8-11e8-ab25-e0e8393def43","573",446,527,454
"9fcaabc8-8fd4-11e8-8398-e0e8393def43","571",364,440,384
"1a25424e-917d-11e8-9d5b-2078d824af27","564",428,510,459
"a5956c8a-9ee0-11e8-ad05-a25db12b5a53","563",303,431,317
"108aa054-96fe-11e8-bcbd-2078d824af27","560",364,505,384
"2ff21c08-916b-11e8-80ce-fc60c095174f","559",346,449,373
"3d66192a-9490-11e8-9907-2078d824af27","558",456,515,473
"e93c2bec-6324-11e8-85d6-fb1b3249e00a","558",337,478,343
"7b2172f8-745d-11e8-a55f-ab7403c1ce92","553",458,506,478
"639f36c2-00ec-11e8-86c6-d6fd8c1371f3","544",378,429,384
"85c70544-9a3f-11e8-8dd7-f017b12b5a53","544",203,339,211
"7dedba16-9bd4-11e8-b6f7-a25db12b5a53","541",236,431,250
"3924a578-9659-11e8-ae1c-fc60c095174f","539",349,428,359
"39c24f2a-8fe8-11e8-ab25-e0e8393def43","538",426,499,445
"25c3bace-00e9-11e8-991b-00bd8c1371f3","532",374,493,383
"fb4e9adc-958c-11e8-89f9-fc60c095174f","532",428,496,436
"fb4e9adc-958c-11e8-89f9-fc60c095174f","531",421,506,432
"3329e1c2-30f8-11e8-9ae4-ec97670cc1e3","530",265,414,330
"10e87e8a-94a2-11e8-ba78-2078d824af27","530",361,415,383
"ab6ccd1a-5fed-11e8-b53b-be327c3166de","530",375,420,388
"e289578e-0109-11e8-abb3-a08db8bcf5f7","529",410,499,416
"0814e520-9d3d-11e8-89aa-a25db12b5a53","526",183,412,184
"ab43adb6-1c6a-11e8-a41c-4d238c11f014","525",371,385,374
"351ef64a-8a65-11e8-8ca7-8869a7fcb7dc","520",356,473,403
"a5956c8a-9ee0-11e8-ad05-a25db12b5a53","516",271,380,284
"e53a6e88-90a5-11e8-a466-2078d824af27","514",363,438,394
"1bca607c-6b24-11e8-b44b-8ed2e26c6167","513",421,465,436
"8d837ec6-00fb-11e8-9f84-d6fd8c1371f3","513",421,501,419
"3d66192a-9490-11e8-9907-2078d824af27","509",366,457,388
"2ff21c08-916b-11e8-80ce-fc60c095174f","508",408,495,420
"7990d002-9fbc-11e8-9724-a25db12b5a53","507",334,418,361
"6725a662-328f-11e8-8066-9e0d2a124413","504",292,484,303
"ea50192c-9708-11e8-82a3-2078d824af27","504",352,436,396
"e93c2bec-6324-11e8-85d6-fb1b3249e00a","503",265,377,276
"3d66192a-9490-11e8-9907-2078d824af27","501",394,449,410
"7b7dc7ec-017b-11e8-b43b-a08db8bcf5f7","501",264,381,366
"68fbf22e-6fb7-11e8-8028-f0a9a6a83071","499",408,480,392
"1c7149de-7ea0-11e8-ada7-22576382b57d","498",336,461,347
"3bfd7946-9014-11e8-833b-2078d824af27","497",240,429,228
"25c3bace-00e9-11e8-991b-00bd8c1371f3","491",342,476,359
"a32029c6-89a1-11e8-a1c4-5683a7fcb7dc","489",417,477,460
"57203bf0-6fa3-11e8-b5a2-70a303c1ce92","486",328,347,333
"45e17a34-72cd-11e8-86ac-f0a9a6a83071","485",250,388,312
"94bc8c7e-9c8b-11e8-a40e-a25db12b5a53","485",174,251,186
"9a432d1c-9fa9-11e8-b1b7-a25db12b5a53","481",316,405,325
"1a789cb2-9b07-11e8-b29c-f017b12b5a53","481",198,332,246
"1a789cb2-9b07-11e8-b29c-f017b12b5a53","478",371,441,412
"f462cb8c-957b-11e8-b8cb-fc60c095174f","477",254,439,261
"351ef64a-8a65-11e8-8ca7-8869a7fcb7dc","476",321,415,366
"8453807a-93f0-11e8-b468-fc60c095174f","474",355,458,368
"0e3b9ca8-9ef7-11e8-9137-eb1702e95e35","472",326,388,344
"3446b5f6-956d-11e8-a183-fc60c095174f","471",247,345,285
"6d083cde-8505-11e8-83d1-d8cdf617378b","470",174,361,194
"8f90dcb2-79fb-11e8-b362-4ceaba6bc217","469",331,447,344
"07b77414-9f98-11e8-b572-eb1702e95e35","468",341,441,374
"9fcaabc8-8fd4-11e8-8398-e0e8393def43","467",370,440,393
"c183bb3e-6bb6-11e8-8f74-8ed2e26c6167","465",191,452,198
"040fa184-90b5-11e8-ade0-fc60c095174f","465",300,399,338
"3d66192a-9490-11e8-9907-2078d824af27","465",385,441,398
"5465e68c-9968-11e8-b9c7-852902e95e35","461",358,412,378
"d95fc914-170b-11e8-b027-36686c0143b9","461",86,124,82
"fcf7151c-94ce-11e8-9aff-fc60c095174f","461",253,386,267
"cfeecb0e-8f2f-11e8-80da-e0e8393def43","460",347,450,356
"c029feae-01f5-11e8-a8c0-a08db8bcf5f7","459",248,296,232
"0814e520-9d3d-11e8-89aa-a25db12b5a53","456",135,329,133
"7b3a104e-90d0-11e8-af4d-2078d824af27","456",345,419,370
"335b20e6-9f90-11e8-80d1-eb1702e95e35","456",327,400,351
"1c419614-9fb9-11e8-b9f9-eb1702e95e35","454",345,415,354
"3446b5f6-956d-11e8-a183-fc60c095174f","454",398,441,419
"f7b56108-8e75-11e8-b34d-8869a7fcb7dc","454",383,431,409
"e4525d10-6962-11e8-bf55-fb1b3249e00a","452",106,339,304
"347897ac-00f2-11e8-91b7-d6fd8c1371f3","452",221,270,216
"1bca607c-6b24-11e8-b44b-8ed2e26c6167","451",359,397,374
"ea50192c-9708-11e8-82a3-2078d824af27","446",293,368,335
"a5956c8a-9ee0-11e8-ad05-a25db12b5a53","445",143,213,151
"163999e2-9af0-11e8-87aa-1e0e02e95e35","444",219,386,231
"fcf7151c-94ce-11e8-9aff-fc60c095174f","444",262,423,271
"639f36c2-00ec-11e8-86c6-d6fd8c1371f3","444",224,266,225
"96de7c24-00eb-11e8-8743-a08db8bcf5f7","444",146,292,143
"5465e68c-9968-11e8-b9c7-852902e95e35","443",337,380,349
"549cf932-7aa6-11e8-9740-4ceaba6bc217","443",257,351,282
"5bca5b5c-013c-11e8-a44d-a08db8bcf5f7","443",410,438,419
"e53a6e88-90a5-11e8-a466-2078d824af27","441",373,415,379
"7990d002-9fbc-11e8-9724-a25db12b5a53","439",271,331,283
"bc8797e6-011b-11e8-90cd-d6fd8c1371f3","438",305,352,328
"85c70544-9a3f-11e8-8dd7-f017b12b5a53","435",180,304,188
"3d66192a-9490-11e8-9907-2078d824af27","434",365,407,379
"108aa054-96fe-11e8-bcbd-2078d824af27","433",281,402,289
"c8ba8210-94b1-11e8-ac97-2078d824af27","433",154,260,160
"fa18e6d4-9bb5-11e8-a60f-eb1702e95e35","432",78,400,303
"f6c3a6e6-47b3-11e8-a26f-2f2eb7f3f1c9","431",205,412,231
"ad7927ea-00eb-11e8-9bcc-a08db8bcf5f7","430",353,424,360
"70897340-89b6-11e8-88c0-8869a7fcb7dc","426",112,366,107
"6586e2d8-a14f-11e8-afd8-8f4a631f500f","426",219,370,227
"6725a662-328f-11e8-8066-9e0d2a124413","426",266,414,274
"fb4e9adc-958c-11e8-89f9-fc60c095174f","424",349,415,355
"f462cb8c-957b-11e8-b8cb-fc60c095174f","422",215,395,232
"ae91f93c-964f-11e8-aa2d-2078d824af27","416",247,378,258
"9294dd66-7f58-11e8-ac01-22576382b57d","413",327,397,348
"8f90dcb2-79fb-11e8-b362-4ceaba6bc217","408",258,369,274
"73a73d14-8f24-11e8-8494-e0e8393def43","407",135,250,141
"51177ba0-00eb-11e8-890a-d6fd8c1371f3","405",288,375,285
"108aa054-96fe-11e8-bcbd-2078d824af27","403",257,374,275
"9fcaabc8-8fd4-11e8-8398-e0e8393def43","400",304,362,323
"fb4e9adc-958c-11e8-89f9-fc60c095174f","399",315,371,322
"639f23a8-00ec-11e8-86c6-d6fd8c1371f3","398",300,377,291
"ce5f2424-5e73-11e8-9ed2-be327c3166de","397",313,386,329
"1c7149de-7ea0-11e8-ada7-22576382b57d","397",250,368,267
"f8f22494-91ad-11e8-ac8f-fc60c095174f","397",274,372,290
"3d66192a-9490-11e8-9907-2078d824af27","397",311,352,323
"f0ccfd3c-013b-11e8-ac5d-a08db8bcf5f7","392",233,281,231
"b80ec268-8517-11e8-b5d2-d8cdf617378b","388",314,353,324
"70897340-89b6-11e8-88c0-8869a7fcb7dc","388",115,339,112
"d138d0c6-9bf6-11e8-8f8e-eb1702e95e35","385",148,240,165
"e53a6e88-90a5-11e8-a466-2078d824af27","385",297,325,303
"351ef64a-8a65-11e8-8ca7-8869a7fcb7dc","382",280,335,302
"b9a82542-971e-11e8-815e-fc60c095174f","382",288,365,308
"3924a578-9659-11e8-ae1c-fc60c095174f","381",262,340,270
"e36927f8-00e9-11e8-af1d-cf60b8bcf5f7","380",224,327,203
"639f36c2-00ec-11e8-86c6-d6fd8c1371f3","380",266,302,264
"45b330ee-9a18-11e8-b397-f017b12b5a53","380",227,313,258
"10e87e8a-94a2-11e8-ba78-2078d824af27","377",263,316,277
"38293cc4-90b9-11e8-9d44-fc60c095174f","377",168,353,199
"2ff21c08-916b-11e8-80ce-fc60c095174f","376",259,331,290
"72319330-9ed3-11e8-8dc8-eb1702e95e35","375",241,295,253
"3d66192a-9490-11e8-9907-2078d824af27","375",301,351,316
"ab43adb6-1c6a-11e8-a41c-4d238c11f014","372",273,286,277
"5ee74e7c-9ef2-11e8-9047-eb1702e95e35","371",281,319,294
"e289578e-0109-11e8-abb3-a08db8bcf5f7","368",265,334,276
"f754c07e-0981-11e8-a994-4194588b2a65","367",187,264,188
"6af2b36e-2864-11e8-ac57-8994e7e25155","367",209,356,224
"9294dd66-7f58-11e8-ac01-22576382b57d","367",177,266,207
"a200ee44-0559-11e8-8b73-6836f727bb7d","367",307,336,324
"c97f5c78-9977-11e8-a79d-852902e95e35","366",155,287,163
"545ac28c-8c04-11e8-8f45-e0e8393def43","366",265,330,270
"907ae110-96eb-11e8-96a7-fc60c095174f","366",239,318,279
"a5956c8a-9ee0-11e8-ad05-a25db12b5a53","364",132,202,136
"b7bc51f2-8429-11e8-b57f-f86fca9e9af2","364",217,360,230
"e93c2bec-6324-11e8-85d6-fb1b3249e00a","363",278,358,281
"ab43adb6-1c6a-11e8-a41c-4d238c11f014","362",232,240,233
"8453807a-93f0-11e8-b468-fc60c095174f","361",238,326,246
"fd0296d2-93ff-11e8-a43c-fc60c095174f","361",168,335,184
"394b186c-39a1-11e8-8243-c70d7f988848","361",181,298,165
"7b2172f8-745d-11e8-a55f-ab7403c1ce92","361",297,332,308
"d256fcb6-7eb0-11e8-b2ee-22576382b57d","360",49,85,50
"b0a03aa2-8fee-11e8-b225-8869a7fcb7dc","360",113,278,141
"8f90dcb2-79fb-11e8-b362-4ceaba6bc217","359",231,328,246
"72319330-9ed3-11e8-8dc8-eb1702e95e35","359",227,295,239
"10e87e8a-94a2-11e8-ba78-2078d824af27","357",237,304,250
"3bfd7946-9014-11e8-833b-2078d824af27","357",152,246,145
"6ff50a26-44a0-11e8-9e48-de2ce12992ad","355",223,251,233
"deaf89cc-00ef-11e8-a834-a08db8bcf5f7","355",175,288,141
"6ca36904-73a2-11e8-9292-ab7403c1ce92","354",276,329,298
"3d66192a-9490-11e8-9907-2078d824af27","354",252,289,259
"351ef64a-8a65-11e8-8ca7-8869a7fcb7dc","353",269,311,281
"6c6da284-9f98-11e8-bbcf-eb1702e95e35","352",149,246,153
"891d4278-67d4-11e8-9a86-fb1b3249e00a","351",193,251,204
"add99d66-878f-11e8-b0f7-f63dca9e9af2","351",304,329,312
"a5956c8a-9ee0-11e8-ad05-a25db12b5a53","351",138,186,143
"0e3b9ca8-9ef7-11e8-9137-eb1702e95e35","348",229,264,238
"394b186c-39a1-11e8-8243-c70d7f988848","347",170,274,154
"6d7eb81e-9af9-11e8-88d9-f017b12b5a53","344",237,306,250
"c68d5b34-0546-11e8-b8df-6836f727bb7d","344",89,235,97
"1bca607c-6b24-11e8-b44b-8ed2e26c6167","342",298,328,313
"fd0296d2-93ff-11e8-a43c-fc60c095174f","340",133,299,135
"7990d002-9fbc-11e8-9724-a25db12b5a53","338",199,242,220
"351ef64a-8a65-11e8-8ca7-8869a7fcb7dc","337",237,301,273
"e9176b88-8bf4-11e8-ad3a-8869a7fcb7dc","336",143,220,150
"72319330-9ed3-11e8-8dc8-eb1702e95e35","335",250,291,262
"ebddb200-6a20-11e8-ac62-85aca6a83071","335",233,329,240
"7a72c312-06a7-11e8-8852-328f588b2a65","334",260,327,296
"3d66192a-9490-11e8-9907-2078d824af27","334",244,273,246
"fdc8b106-8a58-11e8-8695-e0e8393def43","333",252,313,288
"3bfd7946-9014-11e8-833b-2078d824af27","332",153,283,149
"8dbef6bc-8112-11e8-9665-f86fca9e9af2","332",184,233,201
"3c79e21e-80f2-11e8-8d1b-d8cdf617378b","331",228,303,247
"72319330-9ed3-11e8-8dc8-eb1702e95e35","331",200,252,210
"fc4fe9ba-85c2-11e8-817a-5683a7fcb7dc","331",265,319,271
"fb4e9adc-958c-11e8-89f9-fc60c095174f","331",246,303,249
"1c419614-9fb9-11e8-b9f9-eb1702e95e35","329",230,264,236
"85c70544-9a3f-11e8-8dd7-f017b12b5a53","329",114,176,124
"459e47c8-89b1-11e8-a236-8869a7fcb7dc","326",196,230,209
"639f36c2-00ec-11e8-86c6-d6fd8c1371f3","325",172,202,174
"351ef64a-8a65-11e8-8ca7-8869a7fcb7dc","323",237,284,262
"d256fcb6-7eb0-11e8-b2ee-22576382b57d","323",123,201,130
"a20ce268-00e9-11e8-94e6-cf60b8bcf5f7","323",0,2,0
"f7b56108-8e75-11e8-b34d-8869a7fcb7dc","322",232,290,255
"c429cfac-9593-11e8-863b-fc60c095174f","321",122,287,127
"e800fd4a-064d-11e8-bbdb-ef4bf727bb7d","320",151,217,166
"351ef64a-8a65-11e8-8ca7-8869a7fcb7dc","320",226,285,252
"8453807a-93f0-11e8-b468-fc60c095174f","318",223,306,231
"3924a578-9659-11e8-ae1c-fc60c095174f","317",231,303,241
"1a25424e-917d-11e8-9d5b-2078d824af27","316",234,278,249
"3bfd7946-9014-11e8-833b-2078d824af27","316",125,219,122
"10e87e8a-94a2-11e8-ba78-2078d824af27","315",171,215,181
"fd0296d2-93ff-11e8-a43c-fc60c095174f","315",144,282,154
"83a5d660-9011-11e8-ae9b-2078d824af27","314",143,264,165
"f8f22494-91ad-11e8-ac8f-fc60c095174f","313",210,289,224
"a32029c6-89a1-11e8-a1c4-5683a7fcb7dc","313",269,300,286
"138ad2d4-9559-11e8-993b-2078d824af27","313",210,273,226
"45b330ee-9a18-11e8-b397-f017b12b5a53","312",162,224,188
"1601859a-00f2-11e8-b800-a08db8bcf5f7","312",59,71,60
"d138d0c6-9bf6-11e8-8f8e-eb1702e95e35","309",126,204,135
"82386dd2-9ba2-11e8-86e9-a25db12b5a53","308",217,250,237
"c97f5c78-9977-11e8-a79d-852902e95e35","306",154,248,164
"25108336-7c55-11e8-8ab0-4ceaba6bc217","305",146,258,146
"70897340-89b6-11e8-88c0-8869a7fcb7dc","305",95,278,95
"6d99ea58-a125-11e8-85de-8f4a631f500f","305",183,231,196
"c429cfac-9593-11e8-863b-fc60c095174f","305",118,265,119
"bc8797e6-011b-11e8-90cd-d6fd8c1371f3","305",131,153,138
"8453807a-93f0-11e8-b468-fc60c095174f","304",212,269,218
"83ac848c-00f7-11e8-b422-a08db8bcf5f7","304",83,147,88
"347897ac-00f2-11e8-91b7-d6fd8c1371f3","304",137,177,135
"2ff21c08-916b-11e8-80ce-fc60c095174f","304",233,292,244
"ebddb200-6a20-11e8-ac62-85aca6a83071","303",207,296,213
"639f36c2-00ec-11e8-86c6-d6fd8c1371f3","303",187,201,187
"f0342652-96f5-11e8-83ad-2078d824af27","303",158,258,173
"10e87e8a-94a2-11e8-ba78-2078d824af27","303",250,282,260
"108aa054-96fe-11e8-bcbd-2078d824af27","302",199,276,211
"f586653a-4942-11e8-8ecf-2f2eb7f3f1c9","300",245,278,254
"fcf7151c-94ce-11e8-9aff-fc60c095174f","298",150,251,159
"5423b52c-00f3-11e8-9a58-a08db8bcf5f7","297",208,248,217
"351ef64a-8a65-11e8-8ca7-8869a7fcb7dc","297",216,252,221
"25c3bace-00e9-11e8-991b-00bd8c1371f3","296",215,292,230
"70897340-89b6-11e8-88c0-8869a7fcb7dc","295",66,255,60
"ab43adb6-1c6a-11e8-a41c-4d238c11f014","295",220,228,224
"0814e520-9d3d-11e8-89aa-a25db12b5a53","295",71,164,73
"82386dd2-9ba2-11e8-86e9-a25db12b5a53","295",193,224,202
"cb900a6e-1644-11e8-9597-36686c0143b9","295",223,285,227
"45e17a34-72cd-11e8-86ac-f0a9a6a83071","295",130,189,149
"fb4e9adc-958c-11e8-89f9-fc60c095174f","294",215,257,222
"f0342652-96f5-11e8-83ad-2078d824af27","294",143,249,155
"ea50192c-9708-11e8-82a3-2078d824af27","294",213,270,249
"fd0296d2-93ff-11e8-a43c-fc60c095174f","294",141,278,153
"1c419614-9fb9-11e8-b9f9-eb1702e95e35","293",194,222,200
"73a73d14-8f24-11e8-8494-e0e8393def43","292",75,148,78
"351ef64a-8a65-11e8-8ca7-8869a7fcb7dc","290",213,252,215
"b6f434f0-9631-11e8-8a60-fc60c095174f","290",154,199,161
"e53a6e88-90a5-11e8-a466-2078d824af27","289",218,245,229
"3924a578-9659-11e8-ae1c-fc60c095174f","287",196,249,201
"2ff21c08-916b-11e8-80ce-fc60c095174f","285",226,271,236
"6c6da284-9f98-11e8-bbcf-eb1702e95e35","284",146,229,148
"85c70544-9a3f-11e8-8dd7-f017b12b5a53","283",107,173,115
"a2aae3bc-8025-11e8-b4c6-4ceaba6bc217","283",221,269,235
"e53a6e88-90a5-11e8-a466-2078d824af27","282",231,252,235
"421f65a6-93f6-11e8-925d-fc60c095174f","282",158,223,175
"b234667a-00e9-11e8-84ee-00bd8c1371f3","282",91,207,93
"f0342652-96f5-11e8-83ad-2078d824af27","281",143,233,147
"8e1f84aa-46ca-11e8-9901-de2ce12992ad","281",216,266,230
"f462cb8c-957b-11e8-b8cb-fc60c095174f","281",125,231,132
"108aa054-96fe-11e8-bcbd-2078d824af27","280",110,244,125
"1601859a-00f2-11e8-b800-a08db8bcf5f7","278",66,80,67
"639f36c2-00ec-11e8-86c6-d6fd8c1371f3","278",178,200,179
"138ad2d4-9559-11e8-993b-2078d824af27","277",170,255,194
"138ad2d4-9559-11e8-993b-2078d824af27","277",178,259,196
"e53a6e88-90a5-11e8-a466-2078d824af27","275",174,211,186
"a200ee44-0559-11e8-8b73-6836f727bb7d","275",236,259,248
"a32029c6-89a1-11e8-a1c4-5683a7fcb7dc","274",245,262,252
"9fcaabc8-8fd4-11e8-8398-e0e8393def43","274",205,246,213
"138ad2d4-9559-11e8-993b-2078d824af27","274",193,254,205
"11dd5cd2-414d-11e8-8d21-a1e87e988848","274",167,232,184
"138ad2d4-9559-11e8-993b-2078d824af27","273",127,184,140
"9294dd66-7f58-11e8-ac01-22576382b57d","272",211,251,224
"351ef64a-8a65-11e8-8ca7-8869a7fcb7dc","271",205,231,207
"158570c8-747d-11e8-aa2c-f0a9a6a83071","270",180,215,186
"1601859a-00f2-11e8-b800-a08db8bcf5f7","270",78,93,81
"d1983f34-7072-11e8-9b2e-ab7403c1ce92","269",146,230,151
"421f65a6-93f6-11e8-925d-fc60c095174f","269",99,128,109
"aeb9b5b6-00e6-11e8-9694-00bd8c1371f3","269",223,265,237
"ab43adb6-1c6a-11e8-a41c-4d238c11f014","268",169,175,169
"138ad2d4-9559-11e8-993b-2078d824af27","267",141,216,156
"fdc8b106-8a58-11e8-8695-e0e8393def43","267",218,232,220
"421f65a6-93f6-11e8-925d-fc60c095174f","266",155,198,168
"e36927f8-00e9-11e8-af1d-cf60b8bcf5f7","264",146,219,135
"10e87e8a-94a2-11e8-ba78-2078d824af27","263",158,200,167
"10e87e8a-94a2-11e8-ba78-2078d824af27","263",226,243,233
"108aa054-96fe-11e8-bcbd-2078d824af27","263",117,221,136
"d95fc914-170b-11e8-b027-36686c0143b9","262",44,87,39
"295011f0-8439-11e8-88db-f86fca9e9af2","262",87,258,91
"fd79e8cc-738e-11e8-988e-f0a9a6a83071","262",137,186,178
"8f90dcb2-79fb-11e8-b362-4ceaba6bc217","260",199,246,202
"7dedba16-9bd4-11e8-b6f7-a25db12b5a53","259",141,222,141
"3446b5f6-956d-11e8-a183-fc60c095174f","258",199,218,210
"f754c07e-0981-11e8-a994-4194588b2a65","258",117,186,116
"6725a662-328f-11e8-8066-9e0d2a124413","257",167,240,171
"8453807a-93f0-11e8-b468-fc60c095174f","257",167,242,171
"07b77414-9f98-11e8-b572-eb1702e95e35","257",183,226,192
"3080a7a0-81b4-11e8-9638-f86fca9e9af2","256",103,187,103
"07b77414-9f98-11e8-b572-eb1702e95e35","256",182,224,189
"f9e00a2e-01a2-11e8-b541-a08db8bcf5f7","255",204,249,217
"e93c2bec-6324-11e8-85d6-fb1b3249e00a","254",165,217,167
"1c7149de-7ea0-11e8-ada7-22576382b57d","254",162,237,169
"7971605c-7530-11e8-bec0-ab7403c1ce92","253",171,202,176
"351ef64a-8a65-11e8-8ca7-8869a7fcb7dc","252",194,223,199
"fcf7151c-94ce-11e8-9aff-fc60c095174f","252",107,179,120
"c429cfac-9593-11e8-863b-fc60c095174f","252",96,223,105
"ba5f0ab8-7b9a-11e8-896a-22576382b57d","251",158,240,164
"bc518a3e-026a-11e8-93a1-a08db8bcf5f7","250",95,250,107
"925488dc-8e54-11e8-a0ec-e0e8393def43","250",212,239,222
"38293cc4-90b9-11e8-9d44-fc60c095174f","249",109,237,122
"440a3e5e-00f8-11e8-bbf0-a08db8bcf5f7","248",198,214,203
"138ad2d4-9559-11e8-993b-2078d824af27","247",157,220,172
"fdc8b106-8a58-11e8-8695-e0e8393def43","247",177,222,197
"421f65a6-93f6-11e8-925d-fc60c095174f","247",169,216,184
"39c24f2a-8fe8-11e8-ab25-e0e8393def43","247",201,231,207
"3924a578-9659-11e8-ae1c-fc60c095174f","246",151,213,157
"c429cfac-9593-11e8-863b-fc60c095174f","246",133,210,137
"8dbef6bc-8112-11e8-9665-f86fca9e9af2","245",128,166,140
"3a75ea5e-8b4b-11e8-a35c-e0e8393def43","244",206,233,219
"1601859a-00f2-11e8-b800-a08db8bcf5f7","243",58,72,63
"fdc8b106-8a58-11e8-8695-e0e8393def43","242",193,218,201
"f8f22494-91ad-11e8-ac8f-fc60c095174f","241",158,211,172
"9294dd66-7f58-11e8-ac01-22576382b57d","241",152,198,159
"c429cfac-9593-11e8-863b-fc60c095174f","241",90,200,96
"421f65a6-93f6-11e8-925d-fc60c095174f","241",126,165,141
"fdc8b106-8a58-11e8-8695-e0e8393def43","240",200,218,201
"639f36c2-00ec-11e8-86c6-d6fd8c1371f3","240",174,200,175
"9fcaabc8-8fd4-11e8-8398-e0e8393def43","239",148,183,155
"e53a6e88-90a5-11e8-a466-2078d824af27","239",183,212,198
"e20f277a-03ed-11e8-a962-a08db8bcf5f7","238",147,228,131
"9fcaabc8-8fd4-11e8-8398-e0e8393def43","238",107,128,115
"639f23a8-00ec-11e8-86c6-d6fd8c1371f3","238",187,231,178
"fd0296d2-93ff-11e8-a43c-fc60c095174f","236",104,204,110
"c429cfac-9593-11e8-863b-fc60c095174f","236",107,200,113
"c8163874-8a96-11e8-ae59-e0e8393def43","236",109,188,113
"3c79e21e-80f2-11e8-8d1b-d8cdf617378b","235",161,211,168
