"docUuid","visitors","date","isLong","timeReadExpected"
"d138d0c6-9bf6-11e8-8f8e-eb1702e95e35","525792","2018-08-10",0,68
"99301356-9953-11e8-8039-2078d824af27","255872","2018-08-06",0,35
"e028d788-a1f1-11e8-9f37-8f4a631f500f","250861","2018-08-17",0,56
"c83591a6-a05d-11e8-af80-8f4a631f500f","241965","2018-08-15",0,83
"3446b5f6-956d-11e8-a183-fc60c095174f","219731","2018-08-01",0,42
"ae8e992c-a08b-11e8-9082-41d95f45639c","210891","2018-08-16",0,46
"6c6da284-9f98-11e8-bbcf-eb1702e95e35","199090","2018-08-14",0,40
"3446b5f6-956d-11e8-a183-fc60c095174f","189875","2018-08-02",0,41
"3d66192a-9490-11e8-9907-2078d824af27","189041","2018-08-01",0,51
"6d7eb81e-9af9-11e8-88d9-f017b12b5a53","166532","2018-08-09",0,60
"e028d788-a1f1-11e8-9f37-8f4a631f500f","157542","2018-08-18",0,56
"99301356-9953-11e8-8039-2078d824af27","149778","2018-08-07",0,33
"fa18e6d4-9bb5-11e8-a60f-eb1702e95e35","145605","2018-08-09",1,1311
"6d7eb81e-9af9-11e8-88d9-f017b12b5a53","145078","2018-08-08",0,60
"b769cd20-a2b4-11e8-9c73-8f4a631f500f","142381","2018-08-20",0,48
"85c70544-9a3f-11e8-8dd7-f017b12b5a53","140785","2018-08-08",0,51
"ae91f93c-964f-11e8-aa2d-2078d824af27","140762","2018-08-03",0,58
"69f972a4-a168-11e8-9077-41d95f45639c","140137","2018-08-17",1,157
"c83591a6-a05d-11e8-af80-8f4a631f500f","133677","2018-08-16",0,85
"1a789cb2-9b07-11e8-b29c-f017b12b5a53","132697","2018-08-09",0,41
"e028d788-a1f1-11e8-9f37-8f4a631f500f","132626","2018-08-19",0,53
"94bc8c7e-9c8b-11e8-a40e-a25db12b5a53","130294","2018-08-11",0,41
"72319330-9ed3-11e8-8dc8-eb1702e95e35","126450","2018-08-13",0,58
"d138d0c6-9bf6-11e8-8f8e-eb1702e95e35","124521","2018-08-09",0,59
"e028d788-a1f1-11e8-9f37-8f4a631f500f","123246","2018-08-20",0,56
"50d199a0-a460-11e8-98a1-41d95f45639c","111587","2018-08-21",0,26
"510a1d42-9c87-11e8-9dc5-a25db12b5a53","110608","2018-08-11",0,62
"10e87e8a-94a2-11e8-ba78-2078d824af27","107892","2018-08-01",0,49
"94bc8c7e-9c8b-11e8-a40e-a25db12b5a53","107292","2018-08-13",0,42
"0e3b9ca8-9ef7-11e8-9137-eb1702e95e35","104997","2018-08-14",0,38
"510a1d42-9c87-11e8-9dc5-a25db12b5a53","104320","2018-08-13",0,66
"510a1d42-9c87-11e8-9dc5-a25db12b5a53","103656","2018-08-10",0,64
"c429cfac-9593-11e8-863b-fc60c095174f","101747","2018-08-02",0,47
"3a0c5bde-a52c-11e8-bd20-41d95f45639c","99190","2018-08-21",0,81
"ae91f93c-964f-11e8-aa2d-2078d824af27","97951","2018-08-02",0,63
"0e3b9ca8-9ef7-11e8-9137-eb1702e95e35","94193","2018-08-13",0,35
"94bc8c7e-9c8b-11e8-a40e-a25db12b5a53","93839","2018-08-12",0,41
"50d199a0-a460-11e8-98a1-41d95f45639c","93171","2018-08-20",0,25
"335b20e6-9f90-11e8-80d1-eb1702e95e35","90978","2018-08-14",0,55
"94bc8c7e-9c8b-11e8-a40e-a25db12b5a53","90533","2018-08-10",0,41
"6c6da284-9f98-11e8-bbcf-eb1702e95e35","90366","2018-08-15",0,37
"ae8e992c-a08b-11e8-9082-41d95f45639c","88713","2018-08-15",0,44
"9a432d1c-9fa9-11e8-b1b7-a25db12b5a53","82953","2018-08-14",0,75
"510a1d42-9c87-11e8-9dc5-a25db12b5a53","80775","2018-08-12",0,62
"163999e2-9af0-11e8-87aa-1e0e02e95e35","78575","2018-08-08",0,52
"bc306efe-a44e-11e8-b3aa-41d95f45639c","77329","2018-08-20",0,59
"2104c2e2-9eca-11e8-ba53-eb1702e95e35","73571","2018-08-13",0,65
"c8ba8210-94b1-11e8-ac97-2078d824af27","72397","2018-08-01",0,51
"f0342652-96f5-11e8-83ad-2078d824af27","72030","2018-08-03",0,28
"0814e520-9d3d-11e8-89aa-a25db12b5a53","69936","2018-08-13",1,348
"9a432d1c-9fa9-11e8-b1b7-a25db12b5a53","69464","2018-08-15",0,75
"5465e68c-9968-11e8-b9c7-852902e95e35","68366","2018-08-07",0,44
"85c70544-9a3f-11e8-8dd7-f017b12b5a53","68205","2018-08-07",0,52
"fe3217ec-9a0f-11e8-b345-107bb12b5a53","66881","2018-08-07",0,71
"72319330-9ed3-11e8-8dc8-eb1702e95e35","62337","2018-08-14",0,61
"6d99ea58-a125-11e8-85de-8f4a631f500f","62023","2018-08-16",0,58
"163999e2-9af0-11e8-87aa-1e0e02e95e35","58752","2018-08-09",0,52
"7990d002-9fbc-11e8-9724-a25db12b5a53","57933","2018-08-15",0,28
"5465e68c-9968-11e8-b9c7-852902e95e35","57259","2018-08-06",0,44
"2638cfae-9c74-11e8-96ad-a25db12b5a53","56406","2018-08-10",0,86
"4f70ab5a-9a33-11e8-a608-f017b12b5a53","54632","2018-08-08",0,59
"fa18e6d4-9bb5-11e8-a60f-eb1702e95e35","54554","2018-08-10",1,1313
"0814e520-9d3d-11e8-89aa-a25db12b5a53","54475","2018-08-12",1,351
"69f972a4-a168-11e8-9077-41d95f45639c","54356","2018-08-16",1,157
"335b20e6-9f90-11e8-80d1-eb1702e95e35","53449","2018-08-15",0,55
"fcf7151c-94ce-11e8-9aff-fc60c095174f","52964","2018-08-01",0,66
"1a789cb2-9b07-11e8-b29c-f017b12b5a53","52049","2018-08-08",0,41
"907ae110-96eb-11e8-96a7-fc60c095174f","49797","2018-08-03",0,53
"fb4e9adc-958c-11e8-89f9-fc60c095174f","48947","2018-08-02",0,64
"4f70ab5a-9a33-11e8-a608-f017b12b5a53","48629","2018-08-07",0,59
"a5956c8a-9ee0-11e8-ad05-a25db12b5a53","48061","2018-08-13",0,38
"bce1283c-a1fd-11e8-897e-41d95f45639c","47434","2018-08-17",0,44
"4b3cddae-9a2b-11e8-a40c-1e0e02e95e35","46664","2018-08-08",0,39
"a5dc0066-a154-11e8-84d8-8f4a631f500f","46016","2018-08-17",0,39
"0814e520-9d3d-11e8-89aa-a25db12b5a53","43536","2018-08-11",1,351
"21b31f3a-a12d-11e8-be1d-41d95f45639c","43113","2018-08-16",0,51
"a5956c8a-9ee0-11e8-ad05-a25db12b5a53","41791","2018-08-14",0,38
"421f65a6-93f6-11e8-925d-fc60c095174f","41540","2018-08-01",0,23
"c5eb79ce-a085-11e8-a080-41d95f45639c","40926","2018-08-16",0,44
"f4d79d92-a519-11e8-a628-8f4a631f500f","40477","2018-08-21",0,45
"7dedba16-9bd4-11e8-b6f7-a25db12b5a53","40144","2018-08-10",1,225
"4b3cddae-9a2b-11e8-a40c-1e0e02e95e35","40128","2018-08-07",0,39
"9812c736-a211-11e8-9004-8f4a631f500f","39580","2018-08-17",0,81
"96de7c24-00eb-11e8-8743-a08db8bcf5f7","38970","2018-08-16",1,289
"d138d0c6-9bf6-11e8-8f8e-eb1702e95e35","38709","2018-08-13",0,65
"78c3ab34-a487-11e8-9645-8f4a631f500f","38477","2018-08-21",1,106
"bc306efe-a44e-11e8-b3aa-41d95f45639c","36515","2018-08-21",0,58
"c8ba8210-94b1-11e8-ac97-2078d824af27","35983","2018-08-02",0,53
"10e87e8a-94a2-11e8-ba78-2078d824af27","34949","2018-08-02",0,50
"96de7c24-00eb-11e8-8743-a08db8bcf5f7","34791","2018-08-15",1,282
"82386dd2-9ba2-11e8-86e9-a25db12b5a53","34711","2018-08-09",0,19
"21b31f3a-a12d-11e8-be1d-41d95f45639c","34612","2018-08-17",0,55
"d138d0c6-9bf6-11e8-8f8e-eb1702e95e35","33851","2018-08-11",0,65
"2638cfae-9c74-11e8-96ad-a25db12b5a53","33128","2018-08-13",0,90
"c97f5c78-9977-11e8-a79d-852902e95e35","32393","2018-08-07",0,67
"c429cfac-9593-11e8-863b-fc60c095174f","31775","2018-08-01",0,48
"510a1d42-9c87-11e8-9dc5-a25db12b5a53","31684","2018-08-14",0,64
"d138d0c6-9bf6-11e8-8f8e-eb1702e95e35","30401","2018-08-12",0,65
"c43b5286-a146-11e8-bf2c-8f4a631f500f","30284","2018-08-17",1,405
"45b330ee-9a18-11e8-b397-f017b12b5a53","29859","2018-08-07",0,51
"a1ef9464-9a46-11e8-8b2a-1e0e02e95e35","29700","2018-08-08",0,43
"c429cfac-9593-11e8-863b-fc60c095174f","29673","2018-08-03",0,51
"9812c736-a211-11e8-9004-8f4a631f500f","28920","2018-08-18",0,79
"ae8e992c-a08b-11e8-9082-41d95f45639c","28678","2018-08-17",0,47
"9812c736-a211-11e8-9004-8f4a631f500f","28669","2018-08-20",0,82
"2638cfae-9c74-11e8-96ad-a25db12b5a53","27972","2018-08-11",0,88
"3924a578-9659-11e8-ae1c-fc60c095174f","27955","2018-08-03",0,49
"108aa054-96fe-11e8-bcbd-2078d824af27","27352","2018-08-03",0,62
"6d7eb81e-9af9-11e8-88d9-f017b12b5a53","27350","2018-08-10",0,65
"3d66192a-9490-11e8-9907-2078d824af27","27337","2018-08-02",0,51
"c83591a6-a05d-11e8-af80-8f4a631f500f","27335","2018-08-17",0,85
"ed3a207c-a457-11e8-8f32-8f4a631f500f","27188","2018-08-20",0,41
"907ae110-96eb-11e8-96a7-fc60c095174f","25803","2018-08-06",0,56
"5465e68c-9968-11e8-b9c7-852902e95e35","25777","2018-08-08",0,51
"85c70544-9a3f-11e8-8dd7-f017b12b5a53","25667","2018-08-09",0,51
"c5eb79ce-a085-11e8-a080-41d95f45639c","25557","2018-08-15",0,47
"9812c736-a211-11e8-9004-8f4a631f500f","25306","2018-08-19",0,79
"138ad2d4-9559-11e8-993b-2078d824af27","25177","2018-08-01",0,38
"c43b5286-a146-11e8-bf2c-8f4a631f500f","25175","2018-08-16",1,134
"a5dc0066-a154-11e8-84d8-8f4a631f500f","25132","2018-08-16",0,36
"9a432d1c-9fa9-11e8-b1b7-a25db12b5a53","24564","2018-08-16",0,81
"f0342652-96f5-11e8-83ad-2078d824af27","24515","2018-08-04",0,28
"7990d002-9fbc-11e8-9724-a25db12b5a53","24502","2018-08-14",0,29
"1a789cb2-9b07-11e8-b29c-f017b12b5a53","24234","2018-08-10",0,41
"6586e2d8-a14f-11e8-afd8-8f4a631f500f","24221","2018-08-17",0,66
"5ee74e7c-9ef2-11e8-9047-eb1702e95e35","23937","2018-08-14",0,80
"82386dd2-9ba2-11e8-86e9-a25db12b5a53","23927","2018-08-10",0,19
"6d99ea58-a125-11e8-85de-8f4a631f500f","23703","2018-08-17",0,65
"2104c2e2-9eca-11e8-ba53-eb1702e95e35","23522","2018-08-14",0,69
"1c419614-9fb9-11e8-b9f9-eb1702e95e35","23370","2018-08-15",0,51
"510a1d42-9c87-11e8-9dc5-a25db12b5a53","23051","2018-08-16",0,66
"510a1d42-9c87-11e8-9dc5-a25db12b5a53","22662","2018-08-15",0,62
"fcf7151c-94ce-11e8-9aff-fc60c095174f","22363","2018-08-02",0,68
"2638cfae-9c74-11e8-96ad-a25db12b5a53","22309","2018-08-12",0,88
"feb5a38e-a47b-11e8-b5e0-41d95f45639c","22012","2018-08-21",0,63
"907ae110-96eb-11e8-96a7-fc60c095174f","21791","2018-08-04",0,53
"bb79e6b0-9fb3-11e8-bef0-eb1702e95e35","21776","2018-08-15",0,37
"1c419614-9fb9-11e8-b9f9-eb1702e95e35","21594","2018-08-14",0,51
"bce1283c-a1fd-11e8-897e-41d95f45639c","21371","2018-08-20",0,48
"7dedba16-9bd4-11e8-b6f7-a25db12b5a53","21367","2018-08-09",1,225
"b769cd20-a2b4-11e8-9c73-8f4a631f500f","21336","2018-08-19",0,48
"45b330ee-9a18-11e8-b397-f017b12b5a53","20922","2018-08-08",0,53
"3446b5f6-956d-11e8-a183-fc60c095174f","20677","2018-08-03",0,48
"fb4e9adc-958c-11e8-89f9-fc60c095174f","20260","2018-08-03",0,64
"c97f5c78-9977-11e8-a79d-852902e95e35","20032","2018-08-06",0,65
"78c3ab34-a487-11e8-9645-8f4a631f500f","19143","2018-08-20",1,106
"b769cd20-a2b4-11e8-9c73-8f4a631f500f","18968","2018-08-21",0,51
"456b68e4-9ca8-11e8-884c-eb1702e95e35","18644","2018-08-13",0,71
"f0342652-96f5-11e8-83ad-2078d824af27","18320","2018-08-05",0,28
"b769cd20-a2b4-11e8-9c73-8f4a631f500f","18049","2018-08-18",0,48
"5e3eb89a-a472-11e8-bd25-41d95f45639c","17876","2018-08-21",0,56
"108aa054-96fe-11e8-bcbd-2078d824af27","17840","2018-08-06",0,62
"907ae110-96eb-11e8-96a7-fc60c095174f","17758","2018-08-05",0,53
"fd0296d2-93ff-11e8-a43c-fc60c095174f","17738","2018-08-01",0,83
"c8ba8210-94b1-11e8-ac97-2078d824af27","17685","2018-08-03",0,51
"b6f434f0-9631-11e8-8a60-fc60c095174f","17364","2018-08-03",0,63
"456b68e4-9ca8-11e8-884c-eb1702e95e35","17300","2018-08-11",0,71
"f0342652-96f5-11e8-83ad-2078d824af27","17093","2018-08-06",0,28
"99301356-9953-11e8-8039-2078d824af27","16846","2018-08-08",0,35
"6586e2d8-a14f-11e8-afd8-8f4a631f500f","16825","2018-08-16",0,69
"0814e520-9d3d-11e8-89aa-a25db12b5a53","16823","2018-08-14",1,357
"f462cb8c-957b-11e8-b8cb-fc60c095174f","16582","2018-08-02",0,24
"7990d002-9fbc-11e8-9724-a25db12b5a53","16546","2018-08-16",0,28
"fe3217ec-9a0f-11e8-b345-107bb12b5a53","16517","2018-08-08",0,73
"138ad2d4-9559-11e8-993b-2078d824af27","16389","2018-08-02",0,37
"fa18e6d4-9bb5-11e8-a60f-eb1702e95e35","16343","2018-08-11",1,1311
"fb4e9adc-958c-11e8-89f9-fc60c095174f","16336","2018-08-01",0,63
"108aa054-96fe-11e8-bcbd-2078d824af27","16322","2018-08-04",0,66
"36b1feec-9ae3-11e8-8c2d-1e0e02e95e35","16202","2018-08-08",0,54
"bce78bf8-a510-11e8-823f-8f4a631f500f","16119","2018-08-21",0,40
"adcf3b3c-9ef0-11e8-a762-a25db12b5a53","16023","2018-08-14",0,57
"ae91f93c-964f-11e8-aa2d-2078d824af27","15943","2018-08-04",0,62
"f5fd35d8-a546-11e8-aa27-8f4a631f500f","15707","2018-08-21",0,60
"ed3a207c-a457-11e8-8f32-8f4a631f500f","15620","2018-08-21",0,41
"07b77414-9f98-11e8-b572-eb1702e95e35","15521","2018-08-14",0,88
"e9383386-995f-11e8-a4ed-852902e95e35","15517","2018-08-06",0,37
"1f70904e-9b02-11e8-bc21-f017b12b5a53","15469","2018-08-09",0,53
"a5dc0066-a154-11e8-84d8-8f4a631f500f","15155","2018-08-18",0,39
"ae91f93c-964f-11e8-aa2d-2078d824af27","15148","2018-08-05",0,62
"c5eb79ce-a085-11e8-a080-41d95f45639c","15126","2018-08-17",0,47
"b6f434f0-9631-11e8-8a60-fc60c095174f","15109","2018-08-02",0,61
"3924a578-9659-11e8-ae1c-fc60c095174f","14908","2018-08-02",0,47
"bce1283c-a1fd-11e8-897e-41d95f45639c","14768","2018-08-18",0,44
"e028d788-a1f1-11e8-9f37-8f4a631f500f","14689","2018-08-21",0,56
"fa18e6d4-9bb5-11e8-a60f-eb1702e95e35","14645","2018-08-13",1,1311
"1f0b2036-a22f-11e8-9d4d-8f4a631f500f","14585","2018-08-20",0,65
"fa18e6d4-9bb5-11e8-a60f-eb1702e95e35","14492","2018-08-12",1,1309
"69f972a4-a168-11e8-9077-41d95f45639c","14266","2018-08-20",1,165
"ae91f93c-964f-11e8-aa2d-2078d824af27","14056","2018-08-06",0,65
"e129338e-963f-11e8-a542-2078d824af27","14050","2018-08-03",0,45
"5e3eb89a-a472-11e8-bd25-41d95f45639c","14045","2018-08-20",0,53
"ea50192c-9708-11e8-82a3-2078d824af27","14018","2018-08-06",0,38
"4f70ab5a-9a33-11e8-a608-f017b12b5a53","14011","2018-08-09",0,62
"bb79e6b0-9fb3-11e8-bef0-eb1702e95e35","13961","2018-08-14",0,37
"4b3cddae-9a2b-11e8-a40c-1e0e02e95e35","13925","2018-08-09",0,40
"5ee74e7c-9ef2-11e8-9047-eb1702e95e35","13557","2018-08-13",0,80
"9da0e2ba-a526-11e8-9b22-8f4a631f500f","13500","2018-08-21",0,50
"a5dc0066-a154-11e8-84d8-8f4a631f500f","13494","2018-08-20",0,41
"0e3b9ca8-9ef7-11e8-9137-eb1702e95e35","12898","2018-08-15",0,42
"96de7c24-00eb-11e8-8743-a08db8bcf5f7","12829","2018-08-17",1,282
"421f65a6-93f6-11e8-925d-fc60c095174f","12784","2018-08-02",0,23
"adcf3b3c-9ef0-11e8-a762-a25db12b5a53","12761","2018-08-13",0,57
"a1ef9464-9a46-11e8-8b2a-1e0e02e95e35","12746","2018-08-07",0,43
"d89a2080-994f-11e8-b4bc-2078d824af27","12644","2018-08-06",0,60
"07b77414-9f98-11e8-b572-eb1702e95e35","12405","2018-08-15",0,88
"e129338e-963f-11e8-a542-2078d824af27","12403","2018-08-02",0,45
"1c3a3da4-a06a-11e8-815c-41d95f45639c","12313","2018-08-15",1,333
"aa8477c6-a224-11e8-b201-41d95f45639c","12297","2018-08-20",0,39
"a1ef9464-9a46-11e8-8b2a-1e0e02e95e35","12276","2018-08-09",0,43
"36b1feec-9ae3-11e8-8c2d-1e0e02e95e35","12269","2018-08-09",0,54
"69f972a4-a168-11e8-9077-41d95f45639c","12116","2018-08-18",1,165
"8453807a-93f0-11e8-b468-fc60c095174f","12088","2018-08-01",0,81
"a5dc0066-a154-11e8-84d8-8f4a631f500f","12031","2018-08-19",0,39
"ea50192c-9708-11e8-82a3-2078d824af27","12005","2018-08-03",0,38
"f462cb8c-957b-11e8-b8cb-fc60c095174f","11985","2018-08-01",0,25
"163999e2-9af0-11e8-87aa-1e0e02e95e35","11944","2018-08-10",0,56
"4bbe6494-a536-11e8-adae-8f4a631f500f","11792","2018-08-21",0,44
"b9a82542-971e-11e8-815e-fc60c095174f","11731","2018-08-06",0,62
"510a1d42-9c87-11e8-9dc5-a25db12b5a53","11699","2018-08-17",0,64
"7b2172f8-745d-11e8-a55f-ab7403c1ce92","11547","2018-08-09",0,56
"456b68e4-9ca8-11e8-884c-eb1702e95e35","11516","2018-08-12",0,71
"ea50192c-9708-11e8-82a3-2078d824af27","11212","2018-08-04",0,38
"feb5a38e-a47b-11e8-b5e0-41d95f45639c","11055","2018-08-20",0,58
"88906ed2-a53e-11e8-aed1-8f4a631f500f","10808","2018-08-21",0,33
"c97f5c78-9977-11e8-a79d-852902e95e35","10661","2018-08-08",0,69
"1f0b2036-a22f-11e8-9d4d-8f4a631f500f","10628","2018-08-18",0,65
"bce1283c-a1fd-11e8-897e-41d95f45639c","10536","2018-08-19",0,44
"e9383386-995f-11e8-a4ed-852902e95e35","10528","2018-08-07",0,39
"fa5e724a-9baa-11e8-856a-eb1702e95e35","10471","2018-08-09",0,48
"69f972a4-a168-11e8-9077-41d95f45639c","10396","2018-08-19",1,157
"42321806-94b7-11e8-9e55-fc60c095174f","10305","2018-08-01",0,68
"5ee74e7c-9ef2-11e8-9047-eb1702e95e35","10143","2018-08-15",0,80
"108aa054-96fe-11e8-bcbd-2078d824af27","10132","2018-08-05",0,62
"335b20e6-9f90-11e8-80d1-eb1702e95e35","9756","2018-08-16",0,55
"b9a82542-971e-11e8-815e-fc60c095174f","9598","2018-08-04",0,58
"3bfd7946-9014-11e8-833b-2078d824af27","9567","2018-08-06",1,306
"ea50192c-9708-11e8-82a3-2078d824af27","9557","2018-08-05",0,38
"ae8e992c-a08b-11e8-9082-41d95f45639c","9528","2018-08-18",0,46
"7b2172f8-745d-11e8-a55f-ab7403c1ce92","9439","2018-08-08",0,56
"6c6da284-9f98-11e8-bbcf-eb1702e95e35","9408","2018-08-16",0,41
"ae8e992c-a08b-11e8-9082-41d95f45639c","9396","2018-08-19",0,46
"0a0d12a0-9c78-11e8-acfb-eb1702e95e35","9352","2018-08-10",0,55
"456b68e4-9ca8-11e8-884c-eb1702e95e35","9297","2018-08-10",0,71
"a5956c8a-9ee0-11e8-ad05-a25db12b5a53","9248","2018-08-15",0,40
"d89a2080-994f-11e8-b4bc-2078d824af27","9222","2018-08-07",0,60
"3924a578-9659-11e8-ae1c-fc60c095174f","9038","2018-08-06",0,45
"1f70904e-9b02-11e8-bc21-f017b12b5a53","8988","2018-08-08",0,52
"85c70544-9a3f-11e8-8dd7-f017b12b5a53","8801","2018-08-10",0,51
"21b31f3a-a12d-11e8-be1d-41d95f45639c","8745","2018-08-18",0,51
"94bc8c7e-9c8b-11e8-a40e-a25db12b5a53","8602","2018-08-14",0,45
"a834ff8a-93d9-11e8-ae17-2078d824af27","8374","2018-08-01",0,55
"9f71df54-a215-11e8-92a5-8f4a631f500f","8325","2018-08-20",0,91
"3bfd7946-9014-11e8-833b-2078d824af27","8297","2018-08-01",1,313
"1f0b2036-a22f-11e8-9d4d-8f4a631f500f","8207","2018-08-19",0,64
"1c419614-9fb9-11e8-b9f9-eb1702e95e35","8199","2018-08-16",0,54
"1bca607c-6b24-11e8-b44b-8ed2e26c6167","8189","2018-08-10",0,42
"ae8e992c-a08b-11e8-9082-41d95f45639c","8170","2018-08-20",0,46
"3bfd7946-9014-11e8-833b-2078d824af27","8163","2018-08-08",1,306
"fa5e724a-9baa-11e8-856a-eb1702e95e35","8100","2018-08-10",0,44
"3924a578-9659-11e8-ae1c-fc60c095174f","7969","2018-08-04",0,47
"5465e68c-9968-11e8-b9c7-852902e95e35","7756","2018-08-09",0,47
"f7b56108-8e75-11e8-b34d-8869a7fcb7dc","7755","2018-08-01",0,50
"aa8477c6-a224-11e8-b201-41d95f45639c","7746","2018-08-18",0,35
"82386dd2-9ba2-11e8-86e9-a25db12b5a53","7676","2018-08-11",0,19
"1c3a3da4-a06a-11e8-815c-41d95f45639c","7675","2018-08-16",1,334
"6d7eb81e-9af9-11e8-88d9-f017b12b5a53","7665","2018-08-11",0,60
"3bfd7946-9014-11e8-833b-2078d824af27","7642","2018-08-07",1,313
"c43b5286-a146-11e8-bf2c-8f4a631f500f","7563","2018-08-18",1,405
"3d66192a-9490-11e8-9907-2078d824af27","7482","2018-08-03",0,48
"c83591a6-a05d-11e8-af80-8f4a631f500f","7469","2018-08-18",0,85
"45b330ee-9a18-11e8-b397-f017b12b5a53","7432","2018-08-09",0,51
"1f70904e-9b02-11e8-bc21-f017b12b5a53","7429","2018-08-10",0,56
"421f65a6-93f6-11e8-925d-fc60c095174f","7380","2018-08-10",0,23
"3446b5f6-956d-11e8-a183-fc60c095174f","7224","2018-08-04",0,41
"2638cfae-9c74-11e8-96ad-a25db12b5a53","7179","2018-08-14",0,88
"d138d0c6-9bf6-11e8-8f8e-eb1702e95e35","7128","2018-08-14",0,65
"1a789cb2-9b07-11e8-b29c-f017b12b5a53","7038","2018-08-11",0,43
"3924a578-9659-11e8-ae1c-fc60c095174f","6890","2018-08-05",0,45
"9f71df54-a215-11e8-92a5-8f4a631f500f","6761","2018-08-18",0,88
"f462cb8c-957b-11e8-b8cb-fc60c095174f","6732","2018-08-03",0,24
"ab6ccd1a-5fed-11e8-b53b-be327c3166de","6598","2018-08-01",0,80
"7dedba16-9bd4-11e8-b6f7-a25db12b5a53","6554","2018-08-11",1,225
"bb79e6b0-9fb3-11e8-bef0-eb1702e95e35","6486","2018-08-16",0,38
"9f71df54-a215-11e8-92a5-8f4a631f500f","6436","2018-08-17",0,88
"21b31f3a-a12d-11e8-be1d-41d95f45639c","6409","2018-08-19",0,51
"9a432d1c-9fa9-11e8-b1b7-a25db12b5a53","6408","2018-08-17",0,75
"10e87e8a-94a2-11e8-ba78-2078d824af27","6365","2018-08-03",0,50
"6d7eb81e-9af9-11e8-88d9-f017b12b5a53","6325","2018-08-12",0,65
"b9a82542-971e-11e8-815e-fc60c095174f","6280","2018-08-03",0,58
"adcf3b3c-9ef0-11e8-a762-a25db12b5a53","6259","2018-08-15",0,57
"b9a82542-971e-11e8-815e-fc60c095174f","6247","2018-08-05",0,58
"639f36c2-00ec-11e8-86c6-d6fd8c1371f3","6247","2018-08-15",1,262
"c83591a6-a05d-11e8-af80-8f4a631f500f","6229","2018-08-19",0,85
"6d99ea58-a125-11e8-85de-8f4a631f500f","6197","2018-08-18",0,58
"72319330-9ed3-11e8-8dc8-eb1702e95e35","6180","2018-08-15",0,58
"aa8477c6-a224-11e8-b201-41d95f45639c","6065","2018-08-19",0,35
"1f0b2036-a22f-11e8-9d4d-8f4a631f500f","6055","2018-08-17",0,64
"3446b5f6-956d-11e8-a183-fc60c095174f","5883","2018-08-05",0,43
"8f90dcb2-79fb-11e8-b362-4ceaba6bc217","5830","2018-08-10",0,58
"142ff8ac-a55f-11e8-8c59-8f4a631f500f","5776","2018-08-21",0,46
"6d99ea58-a125-11e8-85de-8f4a631f500f","5696","2018-08-19",0,65
"c429cfac-9593-11e8-863b-fc60c095174f","5660","2018-08-04",0,47
"2104c2e2-9eca-11e8-ba53-eb1702e95e35","5626","2018-08-15",0,74
"f0342652-96f5-11e8-83ad-2078d824af27","5612","2018-08-07",0,31
"1a789cb2-9b07-11e8-b29c-f017b12b5a53","5593","2018-08-13",0,43
"fd0296d2-93ff-11e8-a43c-fc60c095174f","5574","2018-08-02",0,78
"6586e2d8-a14f-11e8-afd8-8f4a631f500f","5525","2018-08-20",0,69
"1a789cb2-9b07-11e8-b29c-f017b12b5a53","5520","2018-08-12",0,41
"9f71df54-a215-11e8-92a5-8f4a631f500f","5440","2018-08-19",0,88
"108aa054-96fe-11e8-bcbd-2078d824af27","5404","2018-08-07",0,72
"6586e2d8-a14f-11e8-afd8-8f4a631f500f","5397","2018-08-18",0,69
"c429cfac-9593-11e8-863b-fc60c095174f","5372","2018-08-05",0,51
"c43b5286-a146-11e8-bf2c-8f4a631f500f","5363","2018-08-20",1,134
"891d4278-67d4-11e8-9a86-fb1b3249e00a","5359","2018-08-13",0,54
"0a0d12a0-9c78-11e8-acfb-eb1702e95e35","5343","2018-08-11",0,52
"b9a82542-971e-11e8-815e-fc60c095174f","5342","2018-08-07",0,58
"aa8477c6-a224-11e8-b201-41d95f45639c","5335","2018-08-17",0,42
"c43b5286-a146-11e8-bf2c-8f4a631f500f","5268","2018-08-19",1,399
"138ad2d4-9559-11e8-993b-2078d824af27","5167","2018-08-03",0,41
"0a0d12a0-9c78-11e8-acfb-eb1702e95e35","5007","2018-08-13",0,52
"36b1feec-9ae3-11e8-8c2d-1e0e02e95e35","4952","2018-08-10",0,54
"6d7eb81e-9af9-11e8-88d9-f017b12b5a53","4938","2018-08-13",0,66
"4b3cddae-9a2b-11e8-a40c-1e0e02e95e35","4916","2018-08-10",0,39
"5465e68c-9968-11e8-b9c7-852902e95e35","4842","2018-08-13",0,47
"fe3217ec-9a0f-11e8-b345-107bb12b5a53","4822","2018-08-09",0,72
"7dedba16-9bd4-11e8-b6f7-a25db12b5a53","4792","2018-08-13",1,232
"c429cfac-9593-11e8-863b-fc60c095174f","4786","2018-08-06",0,48
"c83591a6-a05d-11e8-af80-8f4a631f500f","4782","2018-08-20",0,85
"82386dd2-9ba2-11e8-86e9-a25db12b5a53","4756","2018-08-13",0,19
"9812c736-a211-11e8-9004-8f4a631f500f","4750","2018-08-21",0,79
"e129338e-963f-11e8-a542-2078d824af27","4645","2018-08-04",0,45
"82386dd2-9ba2-11e8-86e9-a25db12b5a53","4625","2018-08-12",0,19
"7dedba16-9bd4-11e8-b6f7-a25db12b5a53","4611","2018-08-12",1,225
"5465e68c-9968-11e8-b9c7-852902e95e35","4600","2018-08-10",0,44
"456b68e4-9ca8-11e8-884c-eb1702e95e35","4579","2018-08-14",0,71
"b6f434f0-9631-11e8-8a60-fc60c095174f","4523","2018-08-04",0,63
"0814e520-9d3d-11e8-89aa-a25db12b5a53","4344","2018-08-15",1,351
"ab6ccd1a-5fed-11e8-b53b-be327c3166de","4329","2018-08-13",0,78
"21b31f3a-a12d-11e8-be1d-41d95f45639c","4323","2018-08-20",0,51
"cf8d0e1c-9639-11e8-936f-2078d824af27","4280","2018-08-03",0,52
"e9383386-995f-11e8-a4ed-852902e95e35","4276","2018-08-08",0,40
"bce1283c-a1fd-11e8-897e-41d95f45639c","4265","2018-08-21",0,46
"10e87e8a-94a2-11e8-ba78-2078d824af27","4224","2018-08-09",0,51
"42321806-94b7-11e8-9e55-fc60c095174f","4223","2018-08-02",0,74
"3446b5f6-956d-11e8-a183-fc60c095174f","4101","2018-08-06",0,45
"ea50192c-9708-11e8-82a3-2078d824af27","4046","2018-08-07",0,38
"0a0d12a0-9c78-11e8-acfb-eb1702e95e35","3981","2018-08-12",0,52
"ab6ccd1a-5fed-11e8-b53b-be327c3166de","3980","2018-08-10",0,82
"907ae110-96eb-11e8-96a7-fc60c095174f","3976","2018-08-07",0,53
"639f36c2-00ec-11e8-86c6-d6fd8c1371f3","3951","2018-08-16",1,257
"fa18e6d4-9bb5-11e8-a60f-eb1702e95e35","3863","2018-08-15",1,417
"ab6ccd1a-5fed-11e8-b53b-be327c3166de","3810","2018-08-11",0,82
"6d99ea58-a125-11e8-85de-8f4a631f500f","3787","2018-08-20",0,62
"3d66192a-9490-11e8-9907-2078d824af27","3749","2018-08-06",0,48
"cf8d0e1c-9639-11e8-936f-2078d824af27","3724","2018-08-02",0,52
"e129338e-963f-11e8-a542-2078d824af27","3704","2018-08-06",0,45
"d138d0c6-9bf6-11e8-8f8e-eb1702e95e35","3696","2018-08-15",0,65
"0e3b9ca8-9ef7-11e8-9137-eb1702e95e35","3680","2018-08-16",0,38
"459e47c8-89b1-11e8-a236-8869a7fcb7dc","3590","2018-08-17",0,57
"fe061f3a-06a2-11e8-9dee-328f588b2a65","3581","2018-08-07",0,53
"b6f434f0-9631-11e8-8a60-fc60c095174f","3556","2018-08-06",0,61
"a32029c6-89a1-11e8-a1c4-5683a7fcb7dc","3514","2018-08-01",0,42
"6586e2d8-a14f-11e8-afd8-8f4a631f500f","3451","2018-08-19",0,69
"e129338e-963f-11e8-a542-2078d824af27","3415","2018-08-05",0,45
"d95fc914-170b-11e8-b027-36686c0143b9","3409","2018-08-12",1,502
"163999e2-9af0-11e8-87aa-1e0e02e95e35","3402","2018-08-11",0,56
"a1ef9464-9a46-11e8-8b2a-1e0e02e95e35","3399","2018-08-10",0,45
"4f70ab5a-9a33-11e8-a608-f017b12b5a53","3373","2018-08-10",0,62
"fcf7151c-94ce-11e8-9aff-fc60c095174f","3358","2018-08-03",0,68
"a5dc0066-a154-11e8-84d8-8f4a631f500f","3358","2018-08-21",0,39
"fb4e9adc-958c-11e8-89f9-fc60c095174f","3354","2018-08-04",0,67
"158570c8-747d-11e8-aa2c-f0a9a6a83071","3344","2018-08-17",0,71
"c5eb79ce-a085-11e8-a080-41d95f45639c","3319","2018-08-18",0,48
"7990d002-9fbc-11e8-9724-a25db12b5a53","3306","2018-08-17",0,31
"d1a1b35a-93ce-11e8-bcba-fc60c095174f","3261","2018-08-01",0,88
"b6f434f0-9631-11e8-8a60-fc60c095174f","3242","2018-08-05",0,59
"99301356-9953-11e8-8039-2078d824af27","3210","2018-08-09",0,31
"fb4e9adc-958c-11e8-89f9-fc60c095174f","3159","2018-08-05",0,67
"ab6ccd1a-5fed-11e8-b53b-be327c3166de","3048","2018-08-12",0,78
"14b01f4c-707f-11e8-afa1-ab7403c1ce92","3029","2018-08-06",0,37
"07b77414-9f98-11e8-b572-eb1702e95e35","3020","2018-08-16",0,88
"421f65a6-93f6-11e8-925d-fc60c095174f","3018","2018-08-03",0,23
"ae91f93c-964f-11e8-aa2d-2078d824af27","3003","2018-08-07",0,62
"6d7eb81e-9af9-11e8-88d9-f017b12b5a53","2873","2018-08-15",0,60
"39c24f2a-8fe8-11e8-ab25-e0e8393def43","2840","2018-08-01",0,57
"6c6da284-9f98-11e8-bbcf-eb1702e95e35","2832","2018-08-17",0,37
"ab6ccd1a-5fed-11e8-b53b-be327c3166de","2809","2018-08-02",0,82
"10e87e8a-94a2-11e8-ba78-2078d824af27","2796","2018-08-08",0,49
"891d4278-67d4-11e8-9a86-fb1b3249e00a","2777","2018-08-14",0,56
"5465e68c-9968-11e8-b9c7-852902e95e35","2739","2018-08-12",0,47
"3080a7a0-81b4-11e8-9638-f86fca9e9af2","2713","2018-08-13",1,361
"aa8477c6-a224-11e8-b201-41d95f45639c","2710","2018-08-21",0,35
"5465e68c-9968-11e8-b9c7-852902e95e35","2695","2018-08-11",0,44
"9258c4e2-9188-11e8-baef-fc60c095174f","2674","2018-08-01",0,71
"3d66192a-9490-11e8-9907-2078d824af27","2669","2018-08-04",0,48
"f0ccfd3c-013b-11e8-ac5d-a08db8bcf5f7","2667","2018-08-14",1,107
"8453807a-93f0-11e8-b468-fc60c095174f","2664","2018-08-02",0,76
"d95fc914-170b-11e8-b027-36686c0143b9","2651","2018-08-19",1,501
"96de7c24-00eb-11e8-8743-a08db8bcf5f7","2605","2018-08-18",1,282
"459e47c8-89b1-11e8-a236-8869a7fcb7dc","2601","2018-08-18",0,57
"c97f5c78-9977-11e8-a79d-852902e95e35","2595","2018-08-09",0,65
"ae8e992c-a08b-11e8-9082-41d95f45639c","2537","2018-08-21",0,46
"5ee74e7c-9ef2-11e8-9047-eb1702e95e35","2506","2018-08-16",0,80
"d95fc914-170b-11e8-b027-36686c0143b9","2480","2018-08-05",1,498
"11dd5cd2-414d-11e8-8d21-a1e87e988848","2475","2018-08-08",0,46
"3d66192a-9490-11e8-9907-2078d824af27","2467","2018-08-05",0,48
"1a789cb2-9b07-11e8-b29c-f017b12b5a53","2463","2018-08-14",0,43
"1f0b2036-a22f-11e8-9d4d-8f4a631f500f","2399","2018-08-21",0,64
"0814e520-9d3d-11e8-89aa-a25db12b5a53","2398","2018-08-16",1,351
"fa18e6d4-9bb5-11e8-a60f-eb1702e95e35","2392","2018-08-14",1,423
"10e87e8a-94a2-11e8-ba78-2078d824af27","2382","2018-08-16",0,49
"3bfd7946-9014-11e8-833b-2078d824af27","2377","2018-08-02",1,311
"c429cfac-9593-11e8-863b-fc60c095174f","2358","2018-08-07",0,48
"f7b56108-8e75-11e8-b34d-8869a7fcb7dc","2309","2018-08-02",0,50
"421f65a6-93f6-11e8-925d-fc60c095174f","2305","2018-08-09",0,23
"deaf89cc-00ef-11e8-a834-a08db8bcf5f7","2304","2018-08-16",1,424
"69f972a4-a168-11e8-9077-41d95f45639c","2271","2018-08-21",1,165
"1c3a3da4-a06a-11e8-815c-41d95f45639c","2264","2018-08-17",1,110
"afcaa190-1df1-11e8-805a-deccd0dd5d77","2257","2018-08-15",0,38
"57203bf0-6fa3-11e8-b5a2-70a303c1ce92","2246","2018-08-01",0,70
"0814e520-9d3d-11e8-89aa-a25db12b5a53","2237","2018-08-17",1,355
"fb4e9adc-958c-11e8-89f9-fc60c095174f","2218","2018-08-06",0,64
"545ac28c-8c04-11e8-8f45-e0e8393def43","2212","2018-08-10",0,60
"459e47c8-89b1-11e8-a236-8869a7fcb7dc","2175","2018-08-19",0,57
"c8ba8210-94b1-11e8-ac97-2078d824af27","2169","2018-08-07",0,51
"fa18e6d4-9bb5-11e8-a60f-eb1702e95e35","2156","2018-08-16",1,435
"9fcaabc8-8fd4-11e8-8398-e0e8393def43","2143","2018-08-09",0,63
"421f65a6-93f6-11e8-925d-fc60c095174f","2126","2018-08-05",0,23
"351ef64a-8a65-11e8-8ca7-8869a7fcb7dc","2107","2018-08-13",0,82
"7b2172f8-745d-11e8-a55f-ab7403c1ce92","2106","2018-08-10",0,59
"d89a2080-994f-11e8-b4bc-2078d824af27","2088","2018-08-08",0,60
"421f65a6-93f6-11e8-925d-fc60c095174f","2061","2018-08-06",0,23
"d138d0c6-9bf6-11e8-8f8e-eb1702e95e35","2051","2018-08-16",0,68
"fa5e724a-9baa-11e8-856a-eb1702e95e35","2035","2018-08-11",0,44
"b23460a8-00e9-11e8-84ee-00bd8c1371f3","2012","2018-08-13",0,53
"3d66192a-9490-11e8-9907-2078d824af27","1977","2018-08-14",0,48
"45b330ee-9a18-11e8-b397-f017b12b5a53","1959","2018-08-10",0,51
"3446b5f6-956d-11e8-a183-fc60c095174f","1953","2018-08-14",0,42
"3080a7a0-81b4-11e8-9638-f86fca9e9af2","1946","2018-08-12",1,354
"158570c8-747d-11e8-aa2c-f0a9a6a83071","1940","2018-08-16",0,71
"421f65a6-93f6-11e8-925d-fc60c095174f","1916","2018-08-04",0,23
"8e1f84aa-46ca-11e8-9901-de2ce12992ad","1889","2018-08-06",0,30
"2638cfae-9c74-11e8-96ad-a25db12b5a53","1857","2018-08-15",0,90
"a834ff8a-93d9-11e8-ae17-2078d824af27","1836","2018-08-02",0,56
"1a25424e-917d-11e8-9d5b-2078d824af27","1813","2018-08-01",0,41
"14b01f4c-707f-11e8-afa1-ab7403c1ce92","1799","2018-08-07",0,37
"335b20e6-9f90-11e8-80d1-eb1702e95e35","1795","2018-08-20",0,55
"459e47c8-89b1-11e8-a236-8869a7fcb7dc","1784","2018-08-20",0,57
"3924a578-9659-11e8-ae1c-fc60c095174f","1772","2018-08-07",0,45
"3d66192a-9490-11e8-9907-2078d824af27","1741","2018-08-07",0,48
"85c70544-9a3f-11e8-8dd7-f017b12b5a53","1721","2018-08-11",0,55
"f0ccfd3c-013b-11e8-ac5d-a08db8bcf5f7","1721","2018-08-15",1,111
"9fcaabc8-8fd4-11e8-8398-e0e8393def43","1719","2018-08-08",0,61
"1f70904e-9b02-11e8-bc21-f017b12b5a53","1701","2018-08-11",0,54
"ab6ccd1a-5fed-11e8-b53b-be327c3166de","1694","2018-08-15",0,80
"94bc8c7e-9c8b-11e8-a40e-a25db12b5a53","1684","2018-08-20",0,45
"f462cb8c-957b-11e8-b8cb-fc60c095174f","1659","2018-08-04",0,27
"3d66192a-9490-11e8-9907-2078d824af27","1621","2018-08-13",0,48
"3446b5f6-956d-11e8-a183-fc60c095174f","1600","2018-08-07",0,42
"4b3cddae-9a2b-11e8-a40c-1e0e02e95e35","1581","2018-08-13",0,39
"1bca607c-6b24-11e8-b44b-8ed2e26c6167","1573","2018-08-09",0,42
"94bc8c7e-9c8b-11e8-a40e-a25db12b5a53","1570","2018-08-21",0,42
"1a789cb2-9b07-11e8-b29c-f017b12b5a53","1570","2018-08-15",0,41
"cc881dae-220a-11e8-a885-7f6bd0dd5d77","1566","2018-08-14",1,403
"3329e1c2-30f8-11e8-9ae4-ec97670cc1e3","1556","2018-08-03",0,45
"0814e520-9d3d-11e8-89aa-a25db12b5a53","1554","2018-08-21",1,351
"ab6ccd1a-5fed-11e8-b53b-be327c3166de","1531","2018-08-16",0,78
"f8f22494-91ad-11e8-ac8f-fc60c095174f","1520","2018-08-01",0,78
"afcaa190-1df1-11e8-805a-deccd0dd5d77","1485","2018-08-14",0,34
"163999e2-9af0-11e8-87aa-1e0e02e95e35","1484","2018-08-12",0,52
"5277927e-0fef-11e8-b2b2-02ed3694657e","1474","2018-08-10",0,37
"c429cfac-9593-11e8-863b-fc60c095174f","1468","2018-08-08",0,51
"6d7eb81e-9af9-11e8-88d9-f017b12b5a53","1448","2018-08-16",0,60
"fd0296d2-93ff-11e8-a43c-fc60c095174f","1443","2018-08-03",0,83
"9f71df54-a215-11e8-92a5-8f4a631f500f","1430","2018-08-21",0,88
"e53a6e88-90a5-11e8-a466-2078d824af27","1396","2018-08-09",0,52
"c8ba8210-94b1-11e8-ac97-2078d824af27","1376","2018-08-04",0,51
"510a1d42-9c87-11e8-9dc5-a25db12b5a53","1372","2018-08-19",0,66
"fa5e724a-9baa-11e8-856a-eb1702e95e35","1369","2018-08-13",0,48
"1f70904e-9b02-11e8-bc21-f017b12b5a53","1359","2018-08-12",0,56
"335b20e6-9f90-11e8-80d1-eb1702e95e35","1340","2018-08-17",0,57
"c029feae-01f5-11e8-a8c0-a08db8bcf5f7","1333","2018-08-08",1,209
"9258c4e2-9188-11e8-baef-fc60c095174f","1332","2018-08-13",0,73
"10e87e8a-94a2-11e8-ba78-2078d824af27","1323","2018-08-15",0,49
"f7b56108-8e75-11e8-b34d-8869a7fcb7dc","1312","2018-08-03",0,55
"3080a7a0-81b4-11e8-9638-f86fca9e9af2","1310","2018-08-11",1,354
"1a449504-6a36-11e8-86b0-85aca6a83071","1307","2018-08-06",1,100
"9a432d1c-9fa9-11e8-b1b7-a25db12b5a53","1305","2018-08-20",0,75
"fa5e724a-9baa-11e8-856a-eb1702e95e35","1295","2018-08-12",0,48
"fd0296d2-93ff-11e8-a43c-fc60c095174f","1283","2018-08-06",0,83
"2638cfae-9c74-11e8-96ad-a25db12b5a53","1279","2018-08-16",0,88
"96de7c24-00eb-11e8-8743-a08db8bcf5f7","1276","2018-08-19",1,289
"8f90dcb2-79fb-11e8-b362-4ceaba6bc217","1267","2018-08-09",0,58
"c5eb79ce-a085-11e8-a080-41d95f45639c","1263","2018-08-19",0,47
"4b3cddae-9a2b-11e8-a40c-1e0e02e95e35","1257","2018-08-14",0,45
"510a1d42-9c87-11e8-9dc5-a25db12b5a53","1249","2018-08-20",0,66
"d5b9ac3c-3671-11e8-a522-c70d7f988848","1246","2018-08-14",0,59
"adcf3b3c-9ef0-11e8-a762-a25db12b5a53","1223","2018-08-16",0,61
"3446b5f6-956d-11e8-a183-fc60c095174f","1219","2018-08-10",0,43
"3924a578-9659-11e8-ae1c-fc60c095174f","1218","2018-08-16",0,45
"2ddf22de-868b-11e8-95d8-f63dca9e9af2","1200","2018-08-01",0,70
"9258c4e2-9188-11e8-baef-fc60c095174f","1197","2018-08-03",0,75
"96de7c24-00eb-11e8-8743-a08db8bcf5f7","1176","2018-08-20",1,289
"b9a82542-971e-11e8-815e-fc60c095174f","1158","2018-08-08",0,58
"351ef64a-8a65-11e8-8ca7-8869a7fcb7dc","1154","2018-08-14",0,82
"c83591a6-a05d-11e8-af80-8f4a631f500f","1149","2018-08-21",0,85
"1c419614-9fb9-11e8-b9f9-eb1702e95e35","1144","2018-08-17",0,53
"639f36c2-00ec-11e8-86c6-d6fd8c1371f3","1144","2018-08-09",1,257
"e53a6e88-90a5-11e8-a466-2078d824af27","1143","2018-08-01",0,52
"8e1f84aa-46ca-11e8-9901-de2ce12992ad","1134","2018-08-07",0,30
"e53a6e88-90a5-11e8-a466-2078d824af27","1114","2018-08-08",0,52
"94bc8c7e-9c8b-11e8-a40e-a25db12b5a53","1106","2018-08-15",0,42
"d1983f34-7072-11e8-9b2e-ab7403c1ce92","1096","2018-08-13",1,99
"1a789cb2-9b07-11e8-b29c-f017b12b5a53","1083","2018-08-20",0,41
"ab6ccd1a-5fed-11e8-b53b-be327c3166de","1081","2018-08-14",0,82
"163999e2-9af0-11e8-87aa-1e0e02e95e35","1080","2018-08-13",0,52
"158570c8-747d-11e8-aa2c-f0a9a6a83071","1068","2018-08-18",0,71
"a32029c6-89a1-11e8-a1c4-5683a7fcb7dc","1050","2018-08-02",0,42
"6d7eb81e-9af9-11e8-88d9-f017b12b5a53","1040","2018-08-14",0,66
"10e87e8a-94a2-11e8-ba78-2078d824af27","1039","2018-08-10",0,51
"925488dc-8e54-11e8-a0ec-e0e8393def43","1030","2018-08-03",0,54
"6ff50a26-44a0-11e8-9e48-de2ce12992ad","1028","2018-08-13",0,62
"21b31f3a-a12d-11e8-be1d-41d95f45639c","1017","2018-08-21",0,51
"5465e68c-9968-11e8-b9c7-852902e95e35","1013","2018-08-14",0,47
"e4525d10-6962-11e8-bf55-fb1b3249e00a","1011","2018-08-07",1,208
"3446b5f6-956d-11e8-a183-fc60c095174f","1011","2018-08-13",0,41
"85c70544-9a3f-11e8-8dd7-f017b12b5a53","1009","2018-08-13",0,51
"510a1d42-9c87-11e8-9dc5-a25db12b5a53","1006","2018-08-18",0,62
"4b3cddae-9a2b-11e8-a40c-1e0e02e95e35","1003","2018-08-11",0,39
"42321806-94b7-11e8-9e55-fc60c095174f","1000","2018-08-03",0,74
"b23460a8-00e9-11e8-84ee-00bd8c1371f3","995","2018-08-14",0,57
"9a432d1c-9fa9-11e8-b1b7-a25db12b5a53","986","2018-08-18",0,75
"cc881dae-220a-11e8-a885-7f6bd0dd5d77","973","2018-08-15",1,407
"639f36c2-00ec-11e8-86c6-d6fd8c1371f3","973","2018-08-17",1,254
"b80ec268-8517-11e8-b5d2-d8cdf617378b","968","2018-08-01",0,80
"163999e2-9af0-11e8-87aa-1e0e02e95e35","966","2018-08-14",0,53
"9a432d1c-9fa9-11e8-b1b7-a25db12b5a53","964","2018-08-19",0,75
"3d66192a-9490-11e8-9907-2078d824af27","960","2018-08-15",0,51
"158570c8-747d-11e8-aa2c-f0a9a6a83071","959","2018-08-20",0,75
"c68d5b34-0546-11e8-b8df-6836f727bb7d","959","2018-08-16",1,253
"94bc8c7e-9c8b-11e8-a40e-a25db12b5a53","946","2018-08-17",0,42
"36b1feec-9ae3-11e8-8c2d-1e0e02e95e35","946","2018-08-11",0,54
"cf8d0e1c-9639-11e8-936f-2078d824af27","939","2018-08-04",0,50
"3031c876-90c1-11e8-a3d8-2078d824af27","935","2018-08-01",0,58
"fdc8b106-8a58-11e8-8695-e0e8393def43","932","2018-08-09",0,87
"85c70544-9a3f-11e8-8dd7-f017b12b5a53","932","2018-08-12",0,51
"fd79e8cc-738e-11e8-988e-f0a9a6a83071","932","2018-08-07",0,37
"0a0d12a0-9c78-11e8-acfb-eb1702e95e35","907","2018-08-14",0,52
"5465e68c-9968-11e8-b9c7-852902e95e35","902","2018-08-15",0,45
"c183bb3e-6bb6-11e8-8f74-8ed2e26c6167","890","2018-08-13",0,48
"9258c4e2-9188-11e8-baef-fc60c095174f","890","2018-08-02",0,75
"e129338e-963f-11e8-a542-2078d824af27","886","2018-08-07",0,45
"a20ce268-00e9-11e8-94e6-cf60b8bcf5f7","882","2018-08-06",0,47
"421f65a6-93f6-11e8-925d-fc60c095174f","880","2018-08-11",0,26
"108aa054-96fe-11e8-bcbd-2078d824af27","878","2018-08-08",0,62
"ab6ccd1a-5fed-11e8-b53b-be327c3166de","871","2018-08-09",0,78
"5465e68c-9968-11e8-b9c7-852902e95e35","862","2018-08-21",0,44
"c429cfac-9593-11e8-863b-fc60c095174f","855","2018-08-20",0,47
"e289578e-0109-11e8-abb3-a08db8bcf5f7","848","2018-08-07",0,36
"5465e68c-9968-11e8-b9c7-852902e95e35","841","2018-08-20",0,47
"421f65a6-93f6-11e8-925d-fc60c095174f","834","2018-08-12",0,23
"a5956c8a-9ee0-11e8-ad05-a25db12b5a53","833","2018-08-16",0,38
"3446b5f6-956d-11e8-a183-fc60c095174f","831","2018-08-08",0,46
"c881cb96-8c0a-11e8-8ed5-8869a7fcb7dc","829","2018-08-10",0,26
"c8ba8210-94b1-11e8-ac97-2078d824af27","826","2018-08-13",0,54
"158570c8-747d-11e8-aa2c-f0a9a6a83071","825","2018-08-19",0,82
"68fbf22e-6fb7-11e8-8028-f0a9a6a83071","822","2018-08-06",1,204
"fdc8b106-8a58-11e8-8695-e0e8393def43","821","2018-08-08",0,92
"c429cfac-9593-11e8-863b-fc60c095174f","819","2018-08-21",0,47
"335b20e6-9f90-11e8-80d1-eb1702e95e35","816","2018-08-18",0,55
"f7b56108-8e75-11e8-b34d-8869a7fcb7dc","815","2018-08-05",0,48
"335b20e6-9f90-11e8-80d1-eb1702e95e35","805","2018-08-19",0,55
"d1983f34-7072-11e8-9b2e-ab7403c1ce92","803","2018-08-12",0,95
"e60d6780-5814-11e8-81c8-c044553edb85","801","2018-08-10",0,37
"e9383386-995f-11e8-a4ed-852902e95e35","801","2018-08-09",0,37
"deaf89cc-00ef-11e8-a834-a08db8bcf5f7","799","2018-08-15",1,424
"1bca607c-6b24-11e8-b44b-8ed2e26c6167","798","2018-08-01",0,42
"3329e1c2-30f8-11e8-9ae4-ec97670cc1e3","797","2018-08-06",0,47
"39c24f2a-8fe8-11e8-ab25-e0e8393def43","795","2018-08-02",0,57
"7b2172f8-745d-11e8-a55f-ab7403c1ce92","794","2018-08-11",0,59
"639f36c2-00ec-11e8-86c6-d6fd8c1371f3","792","2018-08-08",1,254
"c8ba8210-94b1-11e8-ac97-2078d824af27","785","2018-08-10",0,54
"e4525d10-6962-11e8-bf55-fb1b3249e00a","780","2018-08-06",1,651
"9fcaabc8-8fd4-11e8-8398-e0e8393def43","779","2018-08-01",0,61
"1f70904e-9b02-11e8-bc21-f017b12b5a53","779","2018-08-13",0,53
"85c70544-9a3f-11e8-8dd7-f017b12b5a53","779","2018-08-20",0,55
"cf8d0e1c-9639-11e8-936f-2078d824af27","776","2018-08-05",0,50
"8d837ec6-00fb-11e8-9f84-d6fd8c1371f3","776","2018-08-14",1,345
"347897ac-00f2-11e8-91b7-d6fd8c1371f3","774","2018-08-13",1,608
"5277927e-0fef-11e8-b2b2-02ed3694657e","771","2018-08-08",0,38
"040fa184-90b5-11e8-ade0-fc60c095174f","771","2018-08-01",0,41
"5bca5b5c-013c-11e8-a44d-a08db8bcf5f7","770","2018-08-14",0,22
"4b3cddae-9a2b-11e8-a40c-1e0e02e95e35","764","2018-08-12",0,39
"b2c1fd62-6a4a-11e8-a6f6-8ed2e26c6167","759","2018-08-13",0,43
"ae91f93c-964f-11e8-aa2d-2078d824af27","756","2018-08-08",0,62
"d95fc914-170b-11e8-b027-36686c0143b9","749","2018-08-13",1,502
"7b3a104e-90d0-11e8-af4d-2078d824af27","748","2018-08-01",0,65
"fb4e9adc-958c-11e8-89f9-fc60c095174f","746","2018-08-15",0,64
"639f36c2-00ec-11e8-86c6-d6fd8c1371f3","743","2018-08-01",1,257
"925488dc-8e54-11e8-a0ec-e0e8393def43","738","2018-08-02",0,60
"d5b9ac3c-3671-11e8-a522-c70d7f988848","738","2018-08-15",0,59
"5465e68c-9968-11e8-b9c7-852902e95e35","737","2018-08-16",0,44
"cf8d0e1c-9639-11e8-936f-2078d824af27","731","2018-08-06",0,52
"c8ba8210-94b1-11e8-ac97-2078d824af27","728","2018-08-12",0,54
"94bc8c7e-9c8b-11e8-a40e-a25db12b5a53","727","2018-08-16",0,41
"f462cb8c-957b-11e8-b8cb-fc60c095174f","726","2018-08-05",0,27
"7dedba16-9bd4-11e8-b6f7-a25db12b5a53","721","2018-08-14",1,225
"7dedba16-9bd4-11e8-b6f7-a25db12b5a53","719","2018-08-15",1,225
"f7b56108-8e75-11e8-b34d-8869a7fcb7dc","717","2018-08-04",0,55
"dc5f5332-8682-11e8-a5eb-5683a7fcb7dc","715","2018-08-01",0,84
"10e87e8a-94a2-11e8-ba78-2078d824af27","715","2018-08-13",0,49
"c8ba8210-94b1-11e8-ac97-2078d824af27","714","2018-08-11",0,51
"96de8e12-00eb-11e8-8743-a08db8bcf5f7","711","2018-08-21",1,277
"7b2172f8-745d-11e8-a55f-ab7403c1ce92","709","2018-08-13",0,56
"0e3b9ca8-9ef7-11e8-9137-eb1702e95e35","708","2018-08-17",0,38
"1c419614-9fb9-11e8-b9f9-eb1702e95e35","708","2018-08-20",0,51
"5465e68c-9968-11e8-b9c7-852902e95e35","707","2018-08-17",0,44
"38293cc4-90b9-11e8-9d44-fc60c095174f","706","2018-08-01",0,36
"f7b56108-8e75-11e8-b34d-8869a7fcb7dc","705","2018-08-14",0,50
"ab43adb6-1c6a-11e8-a41c-4d238c11f014","692","2018-08-01",0,40
"c68d5b34-0546-11e8-b8df-6836f727bb7d","689","2018-08-15",1,239
"9258c4e2-9188-11e8-baef-fc60c095174f","689","2018-08-14",0,75
"7990d002-9fbc-11e8-9724-a25db12b5a53","685","2018-08-20",0,28
"510a1d42-9c87-11e8-9dc5-a25db12b5a53","684","2018-08-21",0,62
"89e5ff32-1d25-11e8-aa47-8fc5d0dd5d77","680","2018-08-10",0,29
"ab6ccd1a-5fed-11e8-b53b-be327c3166de","678","2018-08-03",0,78
"73a73d14-8f24-11e8-8494-e0e8393def43","678","2018-08-06",0,64
"c5eb79ce-a085-11e8-a080-41d95f45639c","677","2018-08-20",0,42
"6c6da284-9f98-11e8-bbcf-eb1702e95e35","676","2018-08-20",0,37
"c8ba8210-94b1-11e8-ac97-2078d824af27","675","2018-08-06",0,53
"3c79e21e-80f2-11e8-8d1b-d8cdf617378b","674","2018-08-01",0,45
"fd0296d2-93ff-11e8-a43c-fc60c095174f","669","2018-08-04",0,82
"421f65a6-93f6-11e8-925d-fc60c095174f","664","2018-08-13",0,23
"fd79e8cc-738e-11e8-988e-f0a9a6a83071","663","2018-08-08",0,40
"73a73d14-8f24-11e8-8494-e0e8393def43","656","2018-08-03",0,63
"25c3bc04-00e9-11e8-991b-00bd8c1371f3","655","2018-08-10",0,30
"3080a7a0-81b4-11e8-9638-f86fca9e9af2","654","2018-08-14",1,361
"04967534-0bdf-11e8-ae62-ea2c588b2a65","653","2018-08-13",0,82
"3bfd7946-9014-11e8-833b-2078d824af27","650","2018-08-03",1,306
"347897ac-00f2-11e8-91b7-d6fd8c1371f3","648","2018-08-11",1,600
"94bc8c7e-9c8b-11e8-a40e-a25db12b5a53","644","2018-08-18",0,45
"8f90dcb2-79fb-11e8-b362-4ceaba6bc217","644","2018-08-01",0,58
"1a449504-6a36-11e8-86b0-85aca6a83071","643","2018-08-07",1,103
"d1983f34-7072-11e8-9b2e-ab7403c1ce92","639","2018-08-11",0,95
"1a449504-6a36-11e8-86b0-85aca6a83071","639","2018-08-10",1,100
"fb4e9adc-958c-11e8-89f9-fc60c095174f","638","2018-08-13",0,64
"fd0296d2-93ff-11e8-a43c-fc60c095174f","635","2018-08-05",0,78
"0e3b9ca8-9ef7-11e8-9137-eb1702e95e35","633","2018-08-20",0,42
"1bca607c-6b24-11e8-b44b-8ed2e26c6167","628","2018-08-13",0,42
"fe061f3a-06a2-11e8-9dee-328f588b2a65","625","2018-08-08",0,57
"7b7dc7ec-017b-11e8-b43b-a08db8bcf5f7","623","2018-08-03",0,9
"9fcaabc8-8fd4-11e8-8398-e0e8393def43","617","2018-08-16",0,61
"5277927e-0fef-11e8-b2b2-02ed3694657e","610","2018-08-09",0,37
"c029feae-01f5-11e8-a8c0-a08db8bcf5f7","606","2018-08-09",1,212
"45b330ee-9a18-11e8-b397-f017b12b5a53","605","2018-08-13",0,54
"73a73d14-8f24-11e8-8494-e0e8393def43","604","2018-08-01",0,68
"5277927e-0fef-11e8-b2b2-02ed3694657e","603","2018-08-07",0,38
"c43b5286-a146-11e8-bf2c-8f4a631f500f","601","2018-08-21",1,126
"57f69890-00e9-11e8-97fa-cf60b8bcf5f7","601","2018-08-10",0,29
"ea50192c-9708-11e8-82a3-2078d824af27","601","2018-08-08",0,38
"7b2172f8-745d-11e8-a55f-ab7403c1ce92","594","2018-08-12",0,60
"549cf932-7aa6-11e8-9740-4ceaba6bc217","594","2018-08-07",0,54
"2638cfae-9c74-11e8-96ad-a25db12b5a53","594","2018-08-17",0,90
"3031c876-90c1-11e8-a3d8-2078d824af27","594","2018-08-02",0,60
"d21c36b2-00e8-11e8-9a2d-cf60b8bcf5f7","593","2018-08-17",0,67
"3329e1c2-30f8-11e8-9ae4-ec97670cc1e3","590","2018-08-04",0,45
"85c70544-9a3f-11e8-8dd7-f017b12b5a53","588","2018-08-16",0,55
"07b77414-9f98-11e8-b572-eb1702e95e35","587","2018-08-20",0,88
"d95fc914-170b-11e8-b027-36686c0143b9","586","2018-08-20",1,502
"639f36c2-00ec-11e8-86c6-d6fd8c1371f3","586","2018-08-10",1,262
"fb4e9adc-958c-11e8-89f9-fc60c095174f","582","2018-08-09",0,64
"10e87e8a-94a2-11e8-ba78-2078d824af27","577","2018-08-11",0,49
"c8ba8210-94b1-11e8-ac97-2078d824af27","575","2018-08-08",0,51
"ab6ccd1a-5fed-11e8-b53b-be327c3166de","575","2018-08-08",0,78
"39c24f2a-8fe8-11e8-ab25-e0e8393def43","573","2018-08-13",0,57
"9fcaabc8-8fd4-11e8-8398-e0e8393def43","571","2018-08-10",0,61
"1a25424e-917d-11e8-9d5b-2078d824af27","564","2018-08-02",0,44
"a5956c8a-9ee0-11e8-ad05-a25db12b5a53","563","2018-08-17",0,38
"108aa054-96fe-11e8-bcbd-2078d824af27","560","2018-08-09",0,62
"2ff21c08-916b-11e8-80ce-fc60c095174f","559","2018-08-01",0,61
"3d66192a-9490-11e8-9907-2078d824af27","558","2018-08-16",0,51
"e93c2bec-6324-11e8-85d6-fb1b3249e00a","558","2018-08-08",0,63
"7b2172f8-745d-11e8-a55f-ab7403c1ce92","553","2018-08-15",0,56
"639f36c2-00ec-11e8-86c6-d6fd8c1371f3","544","2018-08-13",1,257
"85c70544-9a3f-11e8-8dd7-f017b12b5a53","544","2018-08-14",0,55
"7dedba16-9bd4-11e8-b6f7-a25db12b5a53","541","2018-08-16",1,232
"3924a578-9659-11e8-ae1c-fc60c095174f","539","2018-08-15",0,45
"39c24f2a-8fe8-11e8-ab25-e0e8393def43","538","2018-08-14",0,63
"25c3bace-00e9-11e8-991b-00bd8c1371f3","532","2018-08-07",0,48
"fb4e9adc-958c-11e8-89f9-fc60c095174f","532","2018-08-08",0,64
"fb4e9adc-958c-11e8-89f9-fc60c095174f","531","2018-08-10",0,64
"3329e1c2-30f8-11e8-9ae4-ec97670cc1e3","530","2018-08-05",0,45
"ab6ccd1a-5fed-11e8-b53b-be327c3166de","530","2018-08-17",0,78
"10e87e8a-94a2-11e8-ba78-2078d824af27","530","2018-08-12",0,49
"e289578e-0109-11e8-abb3-a08db8bcf5f7","529","2018-08-06",0,36
"0814e520-9d3d-11e8-89aa-a25db12b5a53","526","2018-08-18",1,357
"ab43adb6-1c6a-11e8-a41c-4d238c11f014","525","2018-08-10",0,43
"351ef64a-8a65-11e8-8ca7-8869a7fcb7dc","520","2018-08-15",0,82
"a5956c8a-9ee0-11e8-ad05-a25db12b5a53","516","2018-08-20",0,40
"e53a6e88-90a5-11e8-a466-2078d824af27","514","2018-08-02",0,52
"1bca607c-6b24-11e8-b44b-8ed2e26c6167","513","2018-08-11",0,40
"8d837ec6-00fb-11e8-9f84-d6fd8c1371f3","513","2018-08-15",1,345
"3d66192a-9490-11e8-9907-2078d824af27","509","2018-08-08",0,51
"2ff21c08-916b-11e8-80ce-fc60c095174f","508","2018-08-16",0,59
"7990d002-9fbc-11e8-9724-a25db12b5a53","507","2018-08-21",0,28
"6725a662-328f-11e8-8066-9e0d2a124413","504","2018-08-10",0,78
"ea50192c-9708-11e8-82a3-2078d824af27","504","2018-08-09",0,38
"e93c2bec-6324-11e8-85d6-fb1b3249e00a","503","2018-08-07",0,63
"7b7dc7ec-017b-11e8-b43b-a08db8bcf5f7","501","2018-08-02",0,14
"3d66192a-9490-11e8-9907-2078d824af27","501","2018-08-10",0,48
"68fbf22e-6fb7-11e8-8028-f0a9a6a83071","499","2018-08-07",1,211
"1c7149de-7ea0-11e8-ada7-22576382b57d","498","2018-08-02",0,56
"3bfd7946-9014-11e8-833b-2078d824af27","497","2018-08-09",1,311
"25c3bace-00e9-11e8-991b-00bd8c1371f3","491","2018-08-06",0,49
"a32029c6-89a1-11e8-a1c4-5683a7fcb7dc","489","2018-08-14",0,42
"57203bf0-6fa3-11e8-b5a2-70a303c1ce92","486","2018-08-02",0,70
"94bc8c7e-9c8b-11e8-a40e-a25db12b5a53","485","2018-08-19",0,41
"45e17a34-72cd-11e8-86ac-f0a9a6a83071","485","2018-08-06",0,37
"9a432d1c-9fa9-11e8-b1b7-a25db12b5a53","481","2018-08-21",0,75
"1a789cb2-9b07-11e8-b29c-f017b12b5a53","481","2018-08-16",0,41
"1a789cb2-9b07-11e8-b29c-f017b12b5a53","478","2018-08-21",0,41
"f462cb8c-957b-11e8-b8cb-fc60c095174f","477","2018-08-07",0,25
"351ef64a-8a65-11e8-8ca7-8869a7fcb7dc","476","2018-08-16",0,85
"8453807a-93f0-11e8-b468-fc60c095174f","474","2018-08-09",0,76
"0e3b9ca8-9ef7-11e8-9137-eb1702e95e35","472","2018-08-19",0,38
"3446b5f6-956d-11e8-a183-fc60c095174f","471","2018-08-09",0,41
"6d083cde-8505-11e8-83d1-d8cdf617378b","470","2018-08-03",0,74
"8f90dcb2-79fb-11e8-b362-4ceaba6bc217","469","2018-08-13",0,58
"07b77414-9f98-11e8-b572-eb1702e95e35","468","2018-08-17",0,92
"9fcaabc8-8fd4-11e8-8398-e0e8393def43","467","2018-08-02",0,61
"c183bb3e-6bb6-11e8-8f74-8ed2e26c6167","465","2018-08-14",0,48
"3d66192a-9490-11e8-9907-2078d824af27","465","2018-08-20",0,51
"040fa184-90b5-11e8-ade0-fc60c095174f","465","2018-08-02",0,41
"d95fc914-170b-11e8-b027-36686c0143b9","461","2018-08-06",1,502
"fcf7151c-94ce-11e8-9aff-fc60c095174f","461","2018-08-07",0,64
"5465e68c-9968-11e8-b9c7-852902e95e35","461","2018-08-18",0,44
"cfeecb0e-8f2f-11e8-80da-e0e8393def43","460","2018-08-16",0,79
"c029feae-01f5-11e8-a8c0-a08db8bcf5f7","459","2018-08-07",1,209
"7b3a104e-90d0-11e8-af4d-2078d824af27","456","2018-08-02",0,65
"0814e520-9d3d-11e8-89aa-a25db12b5a53","456","2018-08-20",1,355
"335b20e6-9f90-11e8-80d1-eb1702e95e35","456","2018-08-21",0,60
"f7b56108-8e75-11e8-b34d-8869a7fcb7dc","454","2018-08-13",0,48
"1c419614-9fb9-11e8-b9f9-eb1702e95e35","454","2018-08-21",0,55
"3446b5f6-956d-11e8-a183-fc60c095174f","454","2018-08-15",0,42
"347897ac-00f2-11e8-91b7-d6fd8c1371f3","452","2018-08-12",1,608
"e4525d10-6962-11e8-bf55-fb1b3249e00a","452","2018-08-08",1,651
"1bca607c-6b24-11e8-b44b-8ed2e26c6167","451","2018-08-12",0,42
"ea50192c-9708-11e8-82a3-2078d824af27","446","2018-08-10",0,38
"a5956c8a-9ee0-11e8-ad05-a25db12b5a53","445","2018-08-18",0,38
"96de7c24-00eb-11e8-8743-a08db8bcf5f7","444","2018-08-21",1,289
"fcf7151c-94ce-11e8-9aff-fc60c095174f","444","2018-08-21",0,68
"639f36c2-00ec-11e8-86c6-d6fd8c1371f3","444","2018-08-11",1,254
"163999e2-9af0-11e8-87aa-1e0e02e95e35","444","2018-08-15",0,52
"549cf932-7aa6-11e8-9740-4ceaba6bc217","443","2018-08-08",0,54
"5bca5b5c-013c-11e8-a44d-a08db8bcf5f7","443","2018-08-15",0,22
"5465e68c-9968-11e8-b9c7-852902e95e35","443","2018-08-19",0,44
"e53a6e88-90a5-11e8-a466-2078d824af27","441","2018-08-17",0,52
"7990d002-9fbc-11e8-9724-a25db12b5a53","439","2018-08-19",0,29
"bc8797e6-011b-11e8-90cd-d6fd8c1371f3","438","2018-08-20",0,28
"85c70544-9a3f-11e8-8dd7-f017b12b5a53","435","2018-08-15",0,52
"3d66192a-9490-11e8-9907-2078d824af27","434","2018-08-17",0,48
"108aa054-96fe-11e8-bcbd-2078d824af27","433","2018-08-13",0,65
"c8ba8210-94b1-11e8-ac97-2078d824af27","433","2018-08-05",0,54
"fa18e6d4-9bb5-11e8-a60f-eb1702e95e35","432","2018-08-17",1,1306
"f6c3a6e6-47b3-11e8-a26f-2f2eb7f3f1c9","431","2018-08-10",1,102
"ad7927ea-00eb-11e8-9bcc-a08db8bcf5f7","430","2018-08-13",0,79
"70897340-89b6-11e8-88c0-8869a7fcb7dc","426","2018-08-01",1,229
"6586e2d8-a14f-11e8-afd8-8f4a631f500f","426","2018-08-21",0,66
"6725a662-328f-11e8-8066-9e0d2a124413","426","2018-08-06",0,80
"fb4e9adc-958c-11e8-89f9-fc60c095174f","424","2018-08-16",0,64
"f462cb8c-957b-11e8-b8cb-fc60c095174f","422","2018-08-08",0,24
"ae91f93c-964f-11e8-aa2d-2078d824af27","416","2018-08-09",0,68
"9294dd66-7f58-11e8-ac01-22576382b57d","413","2018-08-09",0,67
"8f90dcb2-79fb-11e8-b362-4ceaba6bc217","408","2018-08-11",0,58
"73a73d14-8f24-11e8-8494-e0e8393def43","407","2018-08-02",0,68
"51177ba0-00eb-11e8-890a-d6fd8c1371f3","405","2018-08-07",1,578
"108aa054-96fe-11e8-bcbd-2078d824af27","403","2018-08-10",0,62
"9fcaabc8-8fd4-11e8-8398-e0e8393def43","400","2018-08-15",0,63
"fb4e9adc-958c-11e8-89f9-fc60c095174f","399","2018-08-11",0,64
"639f23a8-00ec-11e8-86c6-d6fd8c1371f3","398","2018-08-14",1,383
"1c7149de-7ea0-11e8-ada7-22576382b57d","397","2018-08-01",0,56
"3d66192a-9490-11e8-9907-2078d824af27","397","2018-08-09",0,48
"f8f22494-91ad-11e8-ac8f-fc60c095174f","397","2018-08-09",0,73
"ce5f2424-5e73-11e8-9ed2-be327c3166de","397","2018-08-10",0,88
"f0ccfd3c-013b-11e8-ac5d-a08db8bcf5f7","392","2018-08-16",1,107
"b80ec268-8517-11e8-b5d2-d8cdf617378b","388","2018-08-02",0,80
"70897340-89b6-11e8-88c0-8869a7fcb7dc","388","2018-08-02",1,226
"d138d0c6-9bf6-11e8-8f8e-eb1702e95e35","385","2018-08-17",0,65
"e53a6e88-90a5-11e8-a466-2078d824af27","385","2018-08-10",0,52
"b9a82542-971e-11e8-815e-fc60c095174f","382","2018-08-09",0,58
"351ef64a-8a65-11e8-8ca7-8869a7fcb7dc","382","2018-08-10",0,82
"3924a578-9659-11e8-ae1c-fc60c095174f","381","2018-08-08",0,45
"45b330ee-9a18-11e8-b397-f017b12b5a53","380","2018-08-14",0,51
"639f36c2-00ec-11e8-86c6-d6fd8c1371f3","380","2018-08-02",1,262
"e36927f8-00e9-11e8-af1d-cf60b8bcf5f7","380","2018-08-10",1,301
"38293cc4-90b9-11e8-9d44-fc60c095174f","377","2018-08-08",0,36
"10e87e8a-94a2-11e8-ba78-2078d824af27","377","2018-08-06",0,49
"2ff21c08-916b-11e8-80ce-fc60c095174f","376","2018-08-02",0,59
"72319330-9ed3-11e8-8dc8-eb1702e95e35","375","2018-08-16",0,60
"3d66192a-9490-11e8-9907-2078d824af27","375","2018-08-21",0,48
"ab43adb6-1c6a-11e8-a41c-4d238c11f014","372","2018-08-13",0,43
"5ee74e7c-9ef2-11e8-9047-eb1702e95e35","371","2018-08-17",0,80
"e289578e-0109-11e8-abb3-a08db8bcf5f7","368","2018-08-08",0,36
"f754c07e-0981-11e8-a994-4194588b2a65","367","2018-08-07",1,242
"6af2b36e-2864-11e8-ac57-8994e7e25155","367","2018-08-10",0,35
"9294dd66-7f58-11e8-ac01-22576382b57d","367","2018-08-15",0,70
"a200ee44-0559-11e8-8b73-6836f727bb7d","367","2018-08-07",0,39
"545ac28c-8c04-11e8-8f45-e0e8393def43","366","2018-08-09",0,61
"c97f5c78-9977-11e8-a79d-852902e95e35","366","2018-08-10",0,65
"907ae110-96eb-11e8-96a7-fc60c095174f","366","2018-08-08",0,53
"b7bc51f2-8429-11e8-b57f-f86fca9e9af2","364","2018-08-01",0,49
"a5956c8a-9ee0-11e8-ad05-a25db12b5a53","364","2018-08-21",0,38
"e93c2bec-6324-11e8-85d6-fb1b3249e00a","363","2018-08-13",0,63
"ab43adb6-1c6a-11e8-a41c-4d238c11f014","362","2018-08-11",0,40
"fd0296d2-93ff-11e8-a43c-fc60c095174f","361","2018-08-20",0,78
"394b186c-39a1-11e8-8243-c70d7f988848","361","2018-08-03",1,239
"8453807a-93f0-11e8-b468-fc60c095174f","361","2018-08-03",0,78
"7b2172f8-745d-11e8-a55f-ab7403c1ce92","361","2018-08-16",0,56
"d256fcb6-7eb0-11e8-b2ee-22576382b57d","360","2018-08-11",0,66
"b0a03aa2-8fee-11e8-b225-8869a7fcb7dc","360","2018-08-01",0,30
"8f90dcb2-79fb-11e8-b362-4ceaba6bc217","359","2018-08-12",0,58
"72319330-9ed3-11e8-8dc8-eb1702e95e35","359","2018-08-18",0,58
"3bfd7946-9014-11e8-833b-2078d824af27","357","2018-08-04",1,306
"10e87e8a-94a2-11e8-ba78-2078d824af27","357","2018-08-07",0,51
"deaf89cc-00ef-11e8-a834-a08db8bcf5f7","355","2018-08-17",1,429
"6ff50a26-44a0-11e8-9e48-de2ce12992ad","355","2018-08-14",0,64
"6ca36904-73a2-11e8-9292-ab7403c1ce92","354","2018-08-01",0,29
"3d66192a-9490-11e8-9907-2078d824af27","354","2018-08-12",0,51
"351ef64a-8a65-11e8-8ca7-8869a7fcb7dc","353","2018-08-07",0,82
"6c6da284-9f98-11e8-bbcf-eb1702e95e35","352","2018-08-18",0,41
"a5956c8a-9ee0-11e8-ad05-a25db12b5a53","351","2018-08-19",0,40
"891d4278-67d4-11e8-9a86-fb1b3249e00a","351","2018-08-15",0,64
"add99d66-878f-11e8-b0f7-f63dca9e9af2","351","2018-08-01",0,70
"0e3b9ca8-9ef7-11e8-9137-eb1702e95e35","348","2018-08-18",0,38
"394b186c-39a1-11e8-8243-c70d7f988848","347","2018-08-02",1,239
"6d7eb81e-9af9-11e8-88d9-f017b12b5a53","344","2018-08-17",0,60
"c68d5b34-0546-11e8-b8df-6836f727bb7d","344","2018-08-17",1,253
"1bca607c-6b24-11e8-b44b-8ed2e26c6167","342","2018-08-02",0,42
"fd0296d2-93ff-11e8-a43c-fc60c095174f","340","2018-08-07",0,78
"7990d002-9fbc-11e8-9724-a25db12b5a53","338","2018-08-18",0,28
"351ef64a-8a65-11e8-8ca7-8869a7fcb7dc","337","2018-08-08",0,82
"e9176b88-8bf4-11e8-ad3a-8869a7fcb7dc","336","2018-08-01",0,69
"72319330-9ed3-11e8-8dc8-eb1702e95e35","335","2018-08-17",0,60
"ebddb200-6a20-11e8-ac62-85aca6a83071","335","2018-08-09",0,71
"7a72c312-06a7-11e8-8852-328f588b2a65","334","2018-08-07",0,58
"3d66192a-9490-11e8-9907-2078d824af27","334","2018-08-11",0,51
"fdc8b106-8a58-11e8-8695-e0e8393def43","333","2018-08-15",0,87
"8dbef6bc-8112-11e8-9665-f86fca9e9af2","332","2018-08-16",0,46
"3bfd7946-9014-11e8-833b-2078d824af27","332","2018-08-10",1,311
"fc4fe9ba-85c2-11e8-817a-5683a7fcb7dc","331","2018-08-13",0,67
"72319330-9ed3-11e8-8dc8-eb1702e95e35","331","2018-08-19",0,58
"fb4e9adc-958c-11e8-89f9-fc60c095174f","331","2018-08-12",0,64
"3c79e21e-80f2-11e8-8d1b-d8cdf617378b","331","2018-08-02",0,45
"85c70544-9a3f-11e8-8dd7-f017b12b5a53","329","2018-08-19",0,51
"1c419614-9fb9-11e8-b9f9-eb1702e95e35","329","2018-08-19",0,54
"459e47c8-89b1-11e8-a236-8869a7fcb7dc","326","2018-08-21",0,57
"639f36c2-00ec-11e8-86c6-d6fd8c1371f3","325","2018-08-12",1,254
"351ef64a-8a65-11e8-8ca7-8869a7fcb7dc","323","2018-08-09",0,79
"d256fcb6-7eb0-11e8-b2ee-22576382b57d","323","2018-08-01",0,66
"a20ce268-00e9-11e8-94e6-cf60b8bcf5f7","323","2018-08-07",0,52
"f7b56108-8e75-11e8-b34d-8869a7fcb7dc","322","2018-08-06",0,50
"c429cfac-9593-11e8-863b-fc60c095174f","321","2018-08-09",0,47
"e800fd4a-064d-11e8-bbdb-ef4bf727bb7d","320","2018-08-16",0,66
"351ef64a-8a65-11e8-8ca7-8869a7fcb7dc","320","2018-08-17",0,82
"8453807a-93f0-11e8-b468-fc60c095174f","318","2018-08-08",0,78
"3924a578-9659-11e8-ae1c-fc60c095174f","317","2018-08-17",0,45
"3bfd7946-9014-11e8-833b-2078d824af27","316","2018-08-05",1,306
"1a25424e-917d-11e8-9d5b-2078d824af27","316","2018-08-03",0,34
"fd0296d2-93ff-11e8-a43c-fc60c095174f","315","2018-08-14",0,78
"10e87e8a-94a2-11e8-ba78-2078d824af27","315","2018-08-04",0,49
"83a5d660-9011-11e8-ae9b-2078d824af27","314","2018-08-01",0,55
"f8f22494-91ad-11e8-ac8f-fc60c095174f","313","2018-08-08",0,75
"138ad2d4-9559-11e8-993b-2078d824af27","313","2018-08-09",0,37
"a32029c6-89a1-11e8-a1c4-5683a7fcb7dc","313","2018-08-03",0,48
"45b330ee-9a18-11e8-b397-f017b12b5a53","312","2018-08-11",0,53
"1601859a-00f2-11e8-b800-a08db8bcf5f7","312","2018-08-04",0,90
"d138d0c6-9bf6-11e8-8f8e-eb1702e95e35","309","2018-08-20",0,65
"82386dd2-9ba2-11e8-86e9-a25db12b5a53","308","2018-08-15",0,24
"c97f5c78-9977-11e8-a79d-852902e95e35","306","2018-08-13",0,65
"25108336-7c55-11e8-8ab0-4ceaba6bc217","305","2018-08-21",1,203
"bc8797e6-011b-11e8-90cd-d6fd8c1371f3","305","2018-08-18",0,28
"6d99ea58-a125-11e8-85de-8f4a631f500f","305","2018-08-21",0,58
"70897340-89b6-11e8-88c0-8869a7fcb7dc","305","2018-08-06",1,229
"c429cfac-9593-11e8-863b-fc60c095174f","305","2018-08-14",0,47
"2ff21c08-916b-11e8-80ce-fc60c095174f","304","2018-08-09",0,59
"8453807a-93f0-11e8-b468-fc60c095174f","304","2018-08-06",0,76
"83ac848c-00f7-11e8-b422-a08db8bcf5f7","304","2018-08-08",0,31
"347897ac-00f2-11e8-91b7-d6fd8c1371f3","304","2018-08-10",1,600
"10e87e8a-94a2-11e8-ba78-2078d824af27","303","2018-08-17",0,49
"ebddb200-6a20-11e8-ac62-85aca6a83071","303","2018-08-10",0,71
"639f36c2-00ec-11e8-86c6-d6fd8c1371f3","303","2018-08-19",1,254
"f0342652-96f5-11e8-83ad-2078d824af27","303","2018-08-10",0,28
"108aa054-96fe-11e8-bcbd-2078d824af27","302","2018-08-14",0,62
"f586653a-4942-11e8-8ecf-2f2eb7f3f1c9","300","2018-08-13",0,88
"fcf7151c-94ce-11e8-9aff-fc60c095174f","298","2018-08-08",0,64
"5423b52c-00f3-11e8-9a58-a08db8bcf5f7","297","2018-08-08",0,42
"351ef64a-8a65-11e8-8ca7-8869a7fcb7dc","297","2018-08-02",0,82
"25c3bace-00e9-11e8-991b-00bd8c1371f3","296","2018-08-08",0,48
"cb900a6e-1644-11e8-9597-36686c0143b9","295","2018-08-10",0,63
"45e17a34-72cd-11e8-86ac-f0a9a6a83071","295","2018-08-07",0,39
"ab43adb6-1c6a-11e8-a41c-4d238c11f014","295","2018-08-02",0,43
"70897340-89b6-11e8-88c0-8869a7fcb7dc","295","2018-08-03",1,229
"0814e520-9d3d-11e8-89aa-a25db12b5a53","295","2018-08-19",1,357
"82386dd2-9ba2-11e8-86e9-a25db12b5a53","295","2018-08-14",0,19
"fd0296d2-93ff-11e8-a43c-fc60c095174f","294","2018-08-21",0,78
"ea50192c-9708-11e8-82a3-2078d824af27","294","2018-08-17",0,38
"fb4e9adc-958c-11e8-89f9-fc60c095174f","294","2018-08-07",0,67
"f0342652-96f5-11e8-83ad-2078d824af27","294","2018-08-08",0,28
"1c419614-9fb9-11e8-b9f9-eb1702e95e35","293","2018-08-18",0,51
"73a73d14-8f24-11e8-8494-e0e8393def43","292","2018-08-05",0,64
"351ef64a-8a65-11e8-8ca7-8869a7fcb7dc","290","2018-08-06",0,82
"b6f434f0-9631-11e8-8a60-fc60c095174f","290","2018-08-07",0,59
"e53a6e88-90a5-11e8-a466-2078d824af27","289","2018-08-13",0,52
"3924a578-9659-11e8-ae1c-fc60c095174f","287","2018-08-09",0,45
"2ff21c08-916b-11e8-80ce-fc60c095174f","285","2018-08-15",0,59
"6c6da284-9f98-11e8-bbcf-eb1702e95e35","284","2018-08-19",0,40
"a2aae3bc-8025-11e8-b4c6-4ceaba6bc217","283","2018-08-01",1,108
"85c70544-9a3f-11e8-8dd7-f017b12b5a53","283","2018-08-17",0,52
"b234667a-00e9-11e8-84ee-00bd8c1371f3","282","2018-08-17",0,53
"421f65a6-93f6-11e8-925d-fc60c095174f","282","2018-08-07",0,23
"e53a6e88-90a5-11e8-a466-2078d824af27","282","2018-08-18",0,52
"f0342652-96f5-11e8-83ad-2078d824af27","281","2018-08-09",0,31
"f462cb8c-957b-11e8-b8cb-fc60c095174f","281","2018-08-06",0,24
"8e1f84aa-46ca-11e8-9901-de2ce12992ad","281","2018-08-10",0,30
"108aa054-96fe-11e8-bcbd-2078d824af27","280","2018-08-12",0,62
"1601859a-00f2-11e8-b800-a08db8bcf5f7","278","2018-08-02",0,90
"639f36c2-00ec-11e8-86c6-d6fd8c1371f3","278","2018-08-18",1,262
"138ad2d4-9559-11e8-993b-2078d824af27","277","2018-08-10",0,37
"138ad2d4-9559-11e8-993b-2078d824af27","277","2018-08-13",0,37
"a200ee44-0559-11e8-8b73-6836f727bb7d","275","2018-08-06",0,39
"e53a6e88-90a5-11e8-a466-2078d824af27","275","2018-08-03",0,55
"9fcaabc8-8fd4-11e8-8398-e0e8393def43","274","2018-08-03",0,61
"11dd5cd2-414d-11e8-8d21-a1e87e988848","274","2018-08-07",0,46
"138ad2d4-9559-11e8-993b-2078d824af27","274","2018-08-15",0,37
"a32029c6-89a1-11e8-a1c4-5683a7fcb7dc","274","2018-08-13",0,42
"138ad2d4-9559-11e8-993b-2078d824af27","273","2018-08-04",0,38
"9294dd66-7f58-11e8-ac01-22576382b57d","272","2018-08-08",0,67
"351ef64a-8a65-11e8-8ca7-8869a7fcb7dc","271","2018-08-01",0,87
"158570c8-747d-11e8-aa2c-f0a9a6a83071","270","2018-08-21",0,87
"1601859a-00f2-11e8-b800-a08db8bcf5f7","270","2018-08-01",0,90
"d1983f34-7072-11e8-9b2e-ab7403c1ce92","269","2018-08-14",0,96
"aeb9b5b6-00e6-11e8-9694-00bd8c1371f3","269","2018-08-08",0,35
"421f65a6-93f6-11e8-925d-fc60c095174f","269","2018-08-15",0,26
"ab43adb6-1c6a-11e8-a41c-4d238c11f014","268","2018-08-12",0,40
"fdc8b106-8a58-11e8-8695-e0e8393def43","267","2018-08-07",0,87
"138ad2d4-9559-11e8-993b-2078d824af27","267","2018-08-06",0,37
"421f65a6-93f6-11e8-925d-fc60c095174f","266","2018-08-16",0,23
"e36927f8-00e9-11e8-af1d-cf60b8bcf5f7","264","2018-08-13",1,291
"10e87e8a-94a2-11e8-ba78-2078d824af27","263","2018-08-14",0,51
"10e87e8a-94a2-11e8-ba78-2078d824af27","263","2018-08-05",0,49
"108aa054-96fe-11e8-bcbd-2078d824af27","263","2018-08-11",0,62
"fd79e8cc-738e-11e8-988e-f0a9a6a83071","262","2018-08-09",0,37
"d95fc914-170b-11e8-b027-36686c0143b9","262","2018-08-14",1,502
"295011f0-8439-11e8-88db-f86fca9e9af2","262","2018-08-20",0,31
"8f90dcb2-79fb-11e8-b362-4ceaba6bc217","260","2018-08-02",0,58
"7dedba16-9bd4-11e8-b6f7-a25db12b5a53","259","2018-08-17",1,231
"3446b5f6-956d-11e8-a183-fc60c095174f","258","2018-08-16",0,41
"f754c07e-0981-11e8-a994-4194588b2a65","258","2018-08-06",1,242
"07b77414-9f98-11e8-b572-eb1702e95e35","257","2018-08-19",0,88
"8453807a-93f0-11e8-b468-fc60c095174f","257","2018-08-10",0,76
"6725a662-328f-11e8-8066-9e0d2a124413","257","2018-08-07",0,84
"07b77414-9f98-11e8-b572-eb1702e95e35","256","2018-08-18",0,88
"3080a7a0-81b4-11e8-9638-f86fca9e9af2","256","2018-08-15",1,361
"f9e00a2e-01a2-11e8-b541-a08db8bcf5f7","255","2018-08-06",0,45
"1c7149de-7ea0-11e8-ada7-22576382b57d","254","2018-08-03",0,56
"e93c2bec-6324-11e8-85d6-fb1b3249e00a","254","2018-08-09",0,63
"7971605c-7530-11e8-bec0-ab7403c1ce92","253","2018-08-06",0,68
"c429cfac-9593-11e8-863b-fc60c095174f","252","2018-08-13",0,47
"351ef64a-8a65-11e8-8ca7-8869a7fcb7dc","252","2018-08-03",0,82
"fcf7151c-94ce-11e8-9aff-fc60c095174f","252","2018-08-06",0,64
"ba5f0ab8-7b9a-11e8-896a-22576382b57d","251","2018-08-01",1,105
"925488dc-8e54-11e8-a0ec-e0e8393def43","250","2018-08-13",0,54
"bc518a3e-026a-11e8-93a1-a08db8bcf5f7","250","2018-08-01",0,41
"38293cc4-90b9-11e8-9d44-fc60c095174f","249","2018-08-07",0,37
"440a3e5e-00f8-11e8-bbf0-a08db8bcf5f7","248","2018-08-01",0,97
"421f65a6-93f6-11e8-925d-fc60c095174f","247","2018-08-20",0,23
"138ad2d4-9559-11e8-993b-2078d824af27","247","2018-08-08",0,37
"39c24f2a-8fe8-11e8-ab25-e0e8393def43","247","2018-08-03",0,64
"fdc8b106-8a58-11e8-8695-e0e8393def43","247","2018-08-16",0,87
"c429cfac-9593-11e8-863b-fc60c095174f","246","2018-08-19",0,47
"3924a578-9659-11e8-ae1c-fc60c095174f","246","2018-08-10",0,45
"8dbef6bc-8112-11e8-9665-f86fca9e9af2","245","2018-08-17",0,50
"3a75ea5e-8b4b-11e8-a35c-e0e8393def43","244","2018-08-13",0,45
"1601859a-00f2-11e8-b800-a08db8bcf5f7","243","2018-08-05",0,87
"fdc8b106-8a58-11e8-8695-e0e8393def43","242","2018-08-06",0,87
"f8f22494-91ad-11e8-ac8f-fc60c095174f","241","2018-08-06",0,73
"421f65a6-93f6-11e8-925d-fc60c095174f","241","2018-08-14",0,23
"c429cfac-9593-11e8-863b-fc60c095174f","241","2018-08-10",0,47
"9294dd66-7f58-11e8-ac01-22576382b57d","241","2018-08-16",0,67
"fdc8b106-8a58-11e8-8695-e0e8393def43","240","2018-08-10",0,87
"639f36c2-00ec-11e8-86c6-d6fd8c1371f3","240","2018-08-20",1,257
"9fcaabc8-8fd4-11e8-8398-e0e8393def43","239","2018-08-13",0,61
"e53a6e88-90a5-11e8-a466-2078d824af27","239","2018-08-15",0,55
"639f23a8-00ec-11e8-86c6-d6fd8c1371f3","238","2018-08-15",1,377
"e20f277a-03ed-11e8-a962-a08db8bcf5f7","238","2018-08-07",1,156
"9fcaabc8-8fd4-11e8-8398-e0e8393def43","238","2018-08-11",0,63
"c8163874-8a96-11e8-ae59-e0e8393def43","236","2018-08-20",0,73
"fd0296d2-93ff-11e8-a43c-fc60c095174f","236","2018-08-08",0,78
"c429cfac-9593-11e8-863b-fc60c095174f","236","2018-08-18",0,47
"f7b56108-8e75-11e8-b34d-8869a7fcb7dc","235","2018-08-15",0,48
