"docUuid","visitors","desktop_search_R","desktop_search_V","desktop_search_S3"
"d138d0c6-9bf6-11e8-8f8e-eb1702e95e35","525792",1618,2040,1673
"99301356-9953-11e8-8039-2078d824af27","255872",46,76,53
"e028d788-a1f1-11e8-9f37-8f4a631f500f","250861",441,585,457
"c83591a6-a05d-11e8-af80-8f4a631f500f","241965",389,532,406
"3446b5f6-956d-11e8-a183-fc60c095174f","219731",103,124,114
"ae8e992c-a08b-11e8-9082-41d95f45639c","210891",1400,2162,1483
"6c6da284-9f98-11e8-bbcf-eb1702e95e35","199090",548,875,562
"3446b5f6-956d-11e8-a183-fc60c095174f","189875",659,798,706
"3d66192a-9490-11e8-9907-2078d824af27","189041",1394,1826,1497
"6d7eb81e-9af9-11e8-88d9-f017b12b5a53","166532",496,700,535
"e028d788-a1f1-11e8-9f37-8f4a631f500f","157542",411,569,439
"99301356-9953-11e8-8039-2078d824af27","149778",88,134,101
"fa18e6d4-9bb5-11e8-a60f-eb1702e95e35","145605",0,14,10
"6d7eb81e-9af9-11e8-88d9-f017b12b5a53","145078",128,173,137
"b769cd20-a2b4-11e8-9c73-8f4a631f500f","142381",46,91,49
"85c70544-9a3f-11e8-8dd7-f017b12b5a53","140785",253,367,267
"ae91f93c-964f-11e8-aa2d-2078d824af27","140762",568,1093,581
"69f972a4-a168-11e8-9077-41d95f45639c","140137",228,362,246
"c83591a6-a05d-11e8-af80-8f4a631f500f","133677",676,912,700
"1a789cb2-9b07-11e8-b29c-f017b12b5a53","132697",1626,1906,1730
"e028d788-a1f1-11e8-9f37-8f4a631f500f","132626",329,468,354
"94bc8c7e-9c8b-11e8-a40e-a25db12b5a53","130294",109,141,114
"72319330-9ed3-11e8-8dc8-eb1702e95e35","126450",220,284,227
"d138d0c6-9bf6-11e8-8f8e-eb1702e95e35","124521",48,58,54
"e028d788-a1f1-11e8-9f37-8f4a631f500f","123246",309,422,331
"50d199a0-a460-11e8-98a1-41d95f45639c","111587",111,171,119
"510a1d42-9c87-11e8-9dc5-a25db12b5a53","110608",1950,2317,2001
"10e87e8a-94a2-11e8-ba78-2078d824af27","107892",1450,1645,1485
"94bc8c7e-9c8b-11e8-a40e-a25db12b5a53","107292",268,347,281
"0e3b9ca8-9ef7-11e8-9137-eb1702e95e35","104997",755,914,799
"510a1d42-9c87-11e8-9dc5-a25db12b5a53","104320",1425,1586,1451
"510a1d42-9c87-11e8-9dc5-a25db12b5a53","103656",1086,1231,1110
"c429cfac-9593-11e8-863b-fc60c095174f","101747",250,616,262
"3a0c5bde-a52c-11e8-bd20-41d95f45639c","99190",44,107,49
"ae91f93c-964f-11e8-aa2d-2078d824af27","97951",160,322,162
"0e3b9ca8-9ef7-11e8-9137-eb1702e95e35","94193",178,212,189
"94bc8c7e-9c8b-11e8-a40e-a25db12b5a53","93839",146,189,149
"50d199a0-a460-11e8-98a1-41d95f45639c","93171",174,246,180
"335b20e6-9f90-11e8-80d1-eb1702e95e35","90978",1645,2041,1827
"94bc8c7e-9c8b-11e8-a40e-a25db12b5a53","90533",63,82,66
"6c6da284-9f98-11e8-bbcf-eb1702e95e35","90366",181,294,191
"ae8e992c-a08b-11e8-9082-41d95f45639c","88713",72,117,86
"9a432d1c-9fa9-11e8-b1b7-a25db12b5a53","82953",40,51,41
"510a1d42-9c87-11e8-9dc5-a25db12b5a53","80775",947,1088,967
"163999e2-9af0-11e8-87aa-1e0e02e95e35","78575",116,170,118
"bc306efe-a44e-11e8-b3aa-41d95f45639c","77329",5,7,5
"2104c2e2-9eca-11e8-ba53-eb1702e95e35","73571",152,238,162
"c8ba8210-94b1-11e8-ac97-2078d824af27","72397",518,849,531
"f0342652-96f5-11e8-83ad-2078d824af27","72030",97,156,108
"0814e520-9d3d-11e8-89aa-a25db12b5a53","69936",187,475,183
"9a432d1c-9fa9-11e8-b1b7-a25db12b5a53","69464",358,487,370
"5465e68c-9968-11e8-b9c7-852902e95e35","68366",652,786,668
"85c70544-9a3f-11e8-8dd7-f017b12b5a53","68205",44,65,51
"fe3217ec-9a0f-11e8-b345-107bb12b5a53","66881",8,11,9
"72319330-9ed3-11e8-8dc8-eb1702e95e35","62337",199,239,210
"6d99ea58-a125-11e8-85de-8f4a631f500f","62023",35,45,39
"163999e2-9af0-11e8-87aa-1e0e02e95e35","58752",322,446,332
"7990d002-9fbc-11e8-9724-a25db12b5a53","57933",398,455,416
"5465e68c-9968-11e8-b9c7-852902e95e35","57259",154,184,158
"2638cfae-9c74-11e8-96ad-a25db12b5a53","56406",433,582,459
"4f70ab5a-9a33-11e8-a608-f017b12b5a53","54632",299,429,311
"fa18e6d4-9bb5-11e8-a60f-eb1702e95e35","54554",2,4,2
"0814e520-9d3d-11e8-89aa-a25db12b5a53","54475",162,451,159
"69f972a4-a168-11e8-9077-41d95f45639c","54356",15,22,16
"335b20e6-9f90-11e8-80d1-eb1702e95e35","53449",1021,1258,1134
"fcf7151c-94ce-11e8-9aff-fc60c095174f","52964",141,217,147
"1a789cb2-9b07-11e8-b29c-f017b12b5a53","52049",441,512,468
"907ae110-96eb-11e8-96a7-fc60c095174f","49797",101,136,127
"fb4e9adc-958c-11e8-89f9-fc60c095174f","48947",180,230,184
"4f70ab5a-9a33-11e8-a608-f017b12b5a53","48629",3,3,3
"a5956c8a-9ee0-11e8-ad05-a25db12b5a53","48061",99,151,111
"bce1283c-a1fd-11e8-897e-41d95f45639c","47434",91,141,95
"4b3cddae-9a2b-11e8-a40c-1e0e02e95e35","46664",449,549,479
"a5dc0066-a154-11e8-84d8-8f4a631f500f","46016",806,950,892
"0814e520-9d3d-11e8-89aa-a25db12b5a53","43536",101,302,94
"21b31f3a-a12d-11e8-be1d-41d95f45639c","43113",96,115,105
"a5956c8a-9ee0-11e8-ad05-a25db12b5a53","41791",206,308,225
"421f65a6-93f6-11e8-925d-fc60c095174f","41540",321,454,359
"c5eb79ce-a085-11e8-a080-41d95f45639c","40926",121,165,127
"f4d79d92-a519-11e8-a628-8f4a631f500f","40477",10,12,10
"7dedba16-9bd4-11e8-b6f7-a25db12b5a53","40144",207,289,214
"4b3cddae-9a2b-11e8-a40c-1e0e02e95e35","40128",21,24,22
"9812c736-a211-11e8-9004-8f4a631f500f","39580",22,49,22
"96de7c24-00eb-11e8-8743-a08db8bcf5f7","38970",16,28,16
"d138d0c6-9bf6-11e8-8f8e-eb1702e95e35","38709",181,233,188
"78c3ab34-a487-11e8-9645-8f4a631f500f","38477",12,48,19
"bc306efe-a44e-11e8-b3aa-41d95f45639c","36515",22,26,23
"c8ba8210-94b1-11e8-ac97-2078d824af27","35983",388,632,403
"10e87e8a-94a2-11e8-ba78-2078d824af27","34949",849,956,868
"96de7c24-00eb-11e8-8743-a08db8bcf5f7","34791",4,7,1
"82386dd2-9ba2-11e8-86e9-a25db12b5a53","34711",254,301,279
"21b31f3a-a12d-11e8-be1d-41d95f45639c","34612",225,259,241
"d138d0c6-9bf6-11e8-8f8e-eb1702e95e35","33851",445,584,457
"2638cfae-9c74-11e8-96ad-a25db12b5a53","33128",222,299,232
"c97f5c78-9977-11e8-a79d-852902e95e35","32393",100,163,107
"c429cfac-9593-11e8-863b-fc60c095174f","31775",48,98,52
"510a1d42-9c87-11e8-9dc5-a25db12b5a53","31684",1018,1148,1037
"d138d0c6-9bf6-11e8-8f8e-eb1702e95e35","30401",200,261,204
"c43b5286-a146-11e8-bf2c-8f4a631f500f","30284",63,196,172
"45b330ee-9a18-11e8-b397-f017b12b5a53","29859",33,52,42
"a1ef9464-9a46-11e8-8b2a-1e0e02e95e35","29700",101,109,103
"c429cfac-9593-11e8-863b-fc60c095174f","29673",367,861,382
"9812c736-a211-11e8-9004-8f4a631f500f","28920",37,109,37
"ae8e992c-a08b-11e8-9082-41d95f45639c","28678",348,567,373
"9812c736-a211-11e8-9004-8f4a631f500f","28669",23,42,23
"bb79e6b0-9fb3-11e8-bef0-eb1702e95e35","28384",0,1,0
"2638cfae-9c74-11e8-96ad-a25db12b5a53","27972",343,481,352
"3924a578-9659-11e8-ae1c-fc60c095174f","27955",78,114,85
"108aa054-96fe-11e8-bcbd-2078d824af27","27352",64,91,68
"6d7eb81e-9af9-11e8-88d9-f017b12b5a53","27350",164,213,176
"3d66192a-9490-11e8-9907-2078d824af27","27337",622,770,656
"c83591a6-a05d-11e8-af80-8f4a631f500f","27335",164,210,167
"ed3a207c-a457-11e8-8f32-8f4a631f500f","27188",17,19,18
"907ae110-96eb-11e8-96a7-fc60c095174f","25803",38,46,43
"5465e68c-9968-11e8-b9c7-852902e95e35","25777",215,244,216
"85c70544-9a3f-11e8-8dd7-f017b12b5a53","25667",236,355,248
"c5eb79ce-a085-11e8-a080-41d95f45639c","25557",17,29,20
"9812c736-a211-11e8-9004-8f4a631f500f","25306",19,41,19
"138ad2d4-9559-11e8-993b-2078d824af27","25177",86,118,90
"c43b5286-a146-11e8-bf2c-8f4a631f500f","25175",9,36,32
"a5dc0066-a154-11e8-84d8-8f4a631f500f","25132",132,159,147
"9a432d1c-9fa9-11e8-b1b7-a25db12b5a53","24564",146,189,152
"f0342652-96f5-11e8-83ad-2078d824af27","24515",73,126,83
"7990d002-9fbc-11e8-9724-a25db12b5a53","24502",11,18,15
"1a789cb2-9b07-11e8-b29c-f017b12b5a53","24234",533,626,565
"6586e2d8-a14f-11e8-afd8-8f4a631f500f","24221",88,151,90
"5ee74e7c-9ef2-11e8-9047-eb1702e95e35","23937",87,125,96
"82386dd2-9ba2-11e8-86e9-a25db12b5a53","23927",143,163,152
"6d99ea58-a125-11e8-85de-8f4a631f500f","23703",49,63,53
"2104c2e2-9eca-11e8-ba53-eb1702e95e35","23522",135,198,143
"1c419614-9fb9-11e8-b9f9-eb1702e95e35","23370",35,49,36
"510a1d42-9c87-11e8-9dc5-a25db12b5a53","23051",247,263,249
"510a1d42-9c87-11e8-9dc5-a25db12b5a53","22662",251,279,253
"fcf7151c-94ce-11e8-9aff-fc60c095174f","22363",80,123,82
"2638cfae-9c74-11e8-96ad-a25db12b5a53","22309",192,264,203
"feb5a38e-a47b-11e8-b5e0-41d95f45639c","22012",11,17,12
"fa18e6d4-9bb5-11e8-a60f-eb1702e95e35","21802",0,0,0
"907ae110-96eb-11e8-96a7-fc60c095174f","21791",78,103,88
"1c419614-9fb9-11e8-b9f9-eb1702e95e35","21594",28,33,29
"bce1283c-a1fd-11e8-897e-41d95f45639c","21371",37,63,38
"7dedba16-9bd4-11e8-b6f7-a25db12b5a53","21367",56,85,60
"b769cd20-a2b4-11e8-9c73-8f4a631f500f","21336",56,98,62
"45b330ee-9a18-11e8-b397-f017b12b5a53","20922",139,185,158
"3446b5f6-956d-11e8-a183-fc60c095174f","20677",394,460,421
"fb4e9adc-958c-11e8-89f9-fc60c095174f","20260",250,317,255
"c97f5c78-9977-11e8-a79d-852902e95e35","20032",34,57,41
"78c3ab34-a487-11e8-9645-8f4a631f500f","19143",0,2,0
"b769cd20-a2b4-11e8-9c73-8f4a631f500f","18968",52,106,59
"456b68e4-9ca8-11e8-884c-eb1702e95e35","18644",42,51,46
"f0342652-96f5-11e8-83ad-2078d824af27","18320",20,34,24
"b769cd20-a2b4-11e8-9c73-8f4a631f500f","18049",54,105,58
"5e3eb89a-a472-11e8-bd25-41d95f45639c","17876",15,16,16
"108aa054-96fe-11e8-bcbd-2078d824af27","17840",30,46,32
"907ae110-96eb-11e8-96a7-fc60c095174f","17758",34,46,39
"fd0296d2-93ff-11e8-a43c-fc60c095174f","17738",195,442,199
"c8ba8210-94b1-11e8-ac97-2078d824af27","17685",132,229,145
"b6f434f0-9631-11e8-8a60-fc60c095174f","17364",23,33,23
"456b68e4-9ca8-11e8-884c-eb1702e95e35","17300",93,107,96
"f0342652-96f5-11e8-83ad-2078d824af27","17093",22,29,22
"99301356-9953-11e8-8039-2078d824af27","16846",17,27,20
"6586e2d8-a14f-11e8-afd8-8f4a631f500f","16825",16,27,17
"0814e520-9d3d-11e8-89aa-a25db12b5a53","16823",39,109,41
"fa18e6d4-9bb5-11e8-a60f-eb1702e95e35","16648",0,1,1
"f462cb8c-957b-11e8-b8cb-fc60c095174f","16582",75,163,82
"7990d002-9fbc-11e8-9724-a25db12b5a53","16546",139,163,147
"fe3217ec-9a0f-11e8-b345-107bb12b5a53","16517",34,50,43
"138ad2d4-9559-11e8-993b-2078d824af27","16389",144,225,150
"fa18e6d4-9bb5-11e8-a60f-eb1702e95e35","16343",0,3,2
"fb4e9adc-958c-11e8-89f9-fc60c095174f","16336",2,5,3
"108aa054-96fe-11e8-bcbd-2078d824af27","16322",63,93,65
"36b1feec-9ae3-11e8-8c2d-1e0e02e95e35","16202",29,44,36
"bce78bf8-a510-11e8-823f-8f4a631f500f","16119",9,13,10
"adcf3b3c-9ef0-11e8-a762-a25db12b5a53","16023",38,53,41
"ae91f93c-964f-11e8-aa2d-2078d824af27","15943",55,96,55
"f5fd35d8-a546-11e8-aa27-8f4a631f500f","15707",30,37,30
"ed3a207c-a457-11e8-8f32-8f4a631f500f","15620",18,18,18
"07b77414-9f98-11e8-b572-eb1702e95e35","15521",84,116,92
"e9383386-995f-11e8-a4ed-852902e95e35","15517",18,27,18
"1f70904e-9b02-11e8-bc21-f017b12b5a53","15469",41,64,51
"a5dc0066-a154-11e8-84d8-8f4a631f500f","15155",206,231,226
"ae91f93c-964f-11e8-aa2d-2078d824af27","15148",43,85,44
"c5eb79ce-a085-11e8-a080-41d95f45639c","15126",22,24,23
"b6f434f0-9631-11e8-8a60-fc60c095174f","15109",26,38,27
"639f36c2-00ec-11e8-86c6-d6fd8c1371f3","14972",0,0,0
"3924a578-9659-11e8-ae1c-fc60c095174f","14908",17,21,18
"bce1283c-a1fd-11e8-897e-41d95f45639c","14768",113,158,117
"e028d788-a1f1-11e8-9f37-8f4a631f500f","14689",157,211,170
"1f0b2036-a22f-11e8-9d4d-8f4a631f500f","14585",46,55,47
"69f972a4-a168-11e8-9077-41d95f45639c","14266",163,239,162
"bb79e6b0-9fb3-11e8-bef0-eb1702e95e35","14247",0,0,0
"ae91f93c-964f-11e8-aa2d-2078d824af27","14056",30,60,31
"e129338e-963f-11e8-a542-2078d824af27","14050",152,188,162
"5e3eb89a-a472-11e8-bd25-41d95f45639c","14045",2,2,2
"ea50192c-9708-11e8-82a3-2078d824af27","14018",108,133,121
"4f70ab5a-9a33-11e8-a608-f017b12b5a53","14011",59,88,62
"4b3cddae-9a2b-11e8-a40c-1e0e02e95e35","13925",207,247,213
"5ee74e7c-9ef2-11e8-9047-eb1702e95e35","13557",70,84,75
"9da0e2ba-a526-11e8-9b22-8f4a631f500f","13500",17,22,17
"a5dc0066-a154-11e8-84d8-8f4a631f500f","13494",202,249,229
"0e3b9ca8-9ef7-11e8-9137-eb1702e95e35","12898",171,211,181
"a1ef9464-9a46-11e8-8b2a-1e0e02e95e35","12861",2,2,2
"96de7c24-00eb-11e8-8743-a08db8bcf5f7","12829",6,17,6
"421f65a6-93f6-11e8-925d-fc60c095174f","12784",116,137,129
"adcf3b3c-9ef0-11e8-a762-a25db12b5a53","12761",19,24,20
"d89a2080-994f-11e8-b4bc-2078d824af27","12644",12,18,12
"07b77414-9f98-11e8-b572-eb1702e95e35","12405",50,70,56
"e129338e-963f-11e8-a542-2078d824af27","12403",59,70,64
"1c3a3da4-a06a-11e8-815c-41d95f45639c","12313",5,28,25
"aa8477c6-a224-11e8-b201-41d95f45639c","12297",16,19,19
"a1ef9464-9a46-11e8-8b2a-1e0e02e95e35","12276",26,31,26
"36b1feec-9ae3-11e8-8c2d-1e0e02e95e35","12269",33,47,41
"69f972a4-a168-11e8-9077-41d95f45639c","12116",66,95,71
"8453807a-93f0-11e8-b468-fc60c095174f","12088",226,299,227
"a5dc0066-a154-11e8-84d8-8f4a631f500f","12031",135,169,161
"ea50192c-9708-11e8-82a3-2078d824af27","12005",63,82,76
"f462cb8c-957b-11e8-b8cb-fc60c095174f","11985",4,6,4
"163999e2-9af0-11e8-87aa-1e0e02e95e35","11944",44,63,45
"4bbe6494-a536-11e8-adae-8f4a631f500f","11792",66,76,71
"b9a82542-971e-11e8-815e-fc60c095174f","11731",2,4,2
"510a1d42-9c87-11e8-9dc5-a25db12b5a53","11699",103,118,105
"7b2172f8-745d-11e8-a55f-ab7403c1ce92","11547",1,2,2
"456b68e4-9ca8-11e8-884c-eb1702e95e35","11516",35,41,38
"ea50192c-9708-11e8-82a3-2078d824af27","11212",125,151,138
"459e47c8-89b1-11e8-a236-8869a7fcb7dc","11121",0,0,0
"feb5a38e-a47b-11e8-b5e0-41d95f45639c","11055",2,3,2
"7b2172f8-745d-11e8-a55f-ab7403c1ce92","10936",0,0,0
"88906ed2-a53e-11e8-aed1-8f4a631f500f","10808",10,16,12
"c97f5c78-9977-11e8-a79d-852902e95e35","10661",25,36,26
"1f0b2036-a22f-11e8-9d4d-8f4a631f500f","10628",69,84,70
"bce1283c-a1fd-11e8-897e-41d95f45639c","10536",29,48,31
"e9383386-995f-11e8-a4ed-852902e95e35","10528",28,49,32
"fa5e724a-9baa-11e8-856a-eb1702e95e35","10471",17,22,19
"69f972a4-a168-11e8-9077-41d95f45639c","10396",44,64,46
"42321806-94b7-11e8-9e55-fc60c095174f","10305",125,155,135
"5ee74e7c-9ef2-11e8-9047-eb1702e95e35","10143",47,53,49
"108aa054-96fe-11e8-bcbd-2078d824af27","10132",28,38,29
"1bca607c-6b24-11e8-b44b-8ed2e26c6167","10111",1,1,1
"335b20e6-9f90-11e8-80d1-eb1702e95e35","9756",287,359,322
"b9a82542-971e-11e8-815e-fc60c095174f","9598",18,31,21
"3bfd7946-9014-11e8-833b-2078d824af27","9567",27,42,27
"ea50192c-9708-11e8-82a3-2078d824af27","9557",99,121,107
"ae8e992c-a08b-11e8-9082-41d95f45639c","9528",68,128,77
"6c6da284-9f98-11e8-bbcf-eb1702e95e35","9408",39,57,40
"ae8e992c-a08b-11e8-9082-41d95f45639c","9396",83,116,89
"0a0d12a0-9c78-11e8-acfb-eb1702e95e35","9352",11,17,14
"456b68e4-9ca8-11e8-884c-eb1702e95e35","9297",15,20,15
"a5956c8a-9ee0-11e8-ad05-a25db12b5a53","9248",51,76,56
"d89a2080-994f-11e8-b4bc-2078d824af27","9222",14,20,16
"3924a578-9659-11e8-ae1c-fc60c095174f","9038",22,24,22
"1f70904e-9b02-11e8-bc21-f017b12b5a53","8988",16,26,22
"85c70544-9a3f-11e8-8dd7-f017b12b5a53","8801",96,138,104
"21b31f3a-a12d-11e8-be1d-41d95f45639c","8745",61,73,67
"94bc8c7e-9c8b-11e8-a40e-a25db12b5a53","8602",174,236,185
"a834ff8a-93d9-11e8-ae17-2078d824af27","8374",60,75,61
"9f71df54-a215-11e8-92a5-8f4a631f500f","8325",9,13,10
"3bfd7946-9014-11e8-833b-2078d824af27","8297",34,61,32
"1f0b2036-a22f-11e8-9d4d-8f4a631f500f","8207",50,63,50
"1c419614-9fb9-11e8-b9f9-eb1702e95e35","8199",13,13,13
"ae8e992c-a08b-11e8-9082-41d95f45639c","8170",108,174,116
"3bfd7946-9014-11e8-833b-2078d824af27","8163",13,22,13
"fa5e724a-9baa-11e8-856a-eb1702e95e35","8100",12,15,14
"3924a578-9659-11e8-ae1c-fc60c095174f","7969",30,38,31
"ab6ccd1a-5fed-11e8-b53b-be327c3166de","7790",1,2,1
"5465e68c-9968-11e8-b9c7-852902e95e35","7756",85,95,86
"f7b56108-8e75-11e8-b34d-8869a7fcb7dc","7755",551,636,597
"aa8477c6-a224-11e8-b201-41d95f45639c","7746",49,53,51
"82386dd2-9ba2-11e8-86e9-a25db12b5a53","7676",46,53,48
"1c3a3da4-a06a-11e8-815c-41d95f45639c","7675",3,21,13
"6d7eb81e-9af9-11e8-88d9-f017b12b5a53","7665",26,34,29
"3bfd7946-9014-11e8-833b-2078d824af27","7642",28,38,25
"c43b5286-a146-11e8-bf2c-8f4a631f500f","7563",42,106,98
"3d66192a-9490-11e8-9907-2078d824af27","7482",90,109,92
"c83591a6-a05d-11e8-af80-8f4a631f500f","7469",39,47,39
"158570c8-747d-11e8-aa2c-f0a9a6a83071","7467",0,0,0
"45b330ee-9a18-11e8-b397-f017b12b5a53","7432",54,74,64
"1f70904e-9b02-11e8-bc21-f017b12b5a53","7429",17,24,19
"421f65a6-93f6-11e8-925d-fc60c095174f","7380",4,6,4
"3446b5f6-956d-11e8-a183-fc60c095174f","7224",50,60,56
"2638cfae-9c74-11e8-96ad-a25db12b5a53","7179",62,83,64
"d138d0c6-9bf6-11e8-8f8e-eb1702e95e35","7128",54,72,58
"1a789cb2-9b07-11e8-b29c-f017b12b5a53","7038",120,160,154
"3924a578-9659-11e8-ae1c-fc60c095174f","6890",12,17,13
"b6f434f0-9631-11e8-8a60-fc60c095174f","6798",5,6,5
"9f71df54-a215-11e8-92a5-8f4a631f500f","6761",19,34,23
"f462cb8c-957b-11e8-b8cb-fc60c095174f","6732",33,75,34
"ab6ccd1a-5fed-11e8-b53b-be327c3166de","6671",3,3,3
"7dedba16-9bd4-11e8-b6f7-a25db12b5a53","6554",43,63,47
"9f71df54-a215-11e8-92a5-8f4a631f500f","6436",14,27,15
"21b31f3a-a12d-11e8-be1d-41d95f45639c","6409",52,61,54
"9a432d1c-9fa9-11e8-b1b7-a25db12b5a53","6408",32,42,34
"10e87e8a-94a2-11e8-ba78-2078d824af27","6365",238,265,243
"6d7eb81e-9af9-11e8-88d9-f017b12b5a53","6325",26,38,30
"b9a82542-971e-11e8-815e-fc60c095174f","6280",8,11,9
"adcf3b3c-9ef0-11e8-a762-a25db12b5a53","6259",11,19,12
"b9a82542-971e-11e8-815e-fc60c095174f","6247",6,7,6
"c83591a6-a05d-11e8-af80-8f4a631f500f","6229",30,32,31
"6d99ea58-a125-11e8-85de-8f4a631f500f","6197",15,19,17
"72319330-9ed3-11e8-8dc8-eb1702e95e35","6180",35,39,36
"aa8477c6-a224-11e8-b201-41d95f45639c","6065",13,16,14
"1f0b2036-a22f-11e8-9d4d-8f4a631f500f","6055",14,16,14
"8f90dcb2-79fb-11e8-b362-4ceaba6bc217","6054",0,1,0
"3446b5f6-956d-11e8-a183-fc60c095174f","5883",42,49,44
"ab6ccd1a-5fed-11e8-b53b-be327c3166de","5857",2,3,2
"142ff8ac-a55f-11e8-8c59-8f4a631f500f","5776",0,0,0
"6d99ea58-a125-11e8-85de-8f4a631f500f","5696",17,20,18
"c429cfac-9593-11e8-863b-fc60c095174f","5660",47,94,50
"2104c2e2-9eca-11e8-ba53-eb1702e95e35","5626",25,40,25
"f0342652-96f5-11e8-83ad-2078d824af27","5612",6,10,6
"1a789cb2-9b07-11e8-b29c-f017b12b5a53","5593",98,125,119
"fd0296d2-93ff-11e8-a43c-fc60c095174f","5574",81,212,88
"6586e2d8-a14f-11e8-afd8-8f4a631f500f","5525",16,24,16
"1a789cb2-9b07-11e8-b29c-f017b12b5a53","5520",99,137,134
"891d4278-67d4-11e8-9a86-fb1b3249e00a","5482",1,1,1
"9f71df54-a215-11e8-92a5-8f4a631f500f","5440",15,27,16
"108aa054-96fe-11e8-bcbd-2078d824af27","5404",12,19,12
"6586e2d8-a14f-11e8-afd8-8f4a631f500f","5397",19,35,19
"c429cfac-9593-11e8-863b-fc60c095174f","5372",46,76,48
"c43b5286-a146-11e8-bf2c-8f4a631f500f","5363",20,55,53
"0a0d12a0-9c78-11e8-acfb-eb1702e95e35","5343",6,8,6
"b9a82542-971e-11e8-815e-fc60c095174f","5342",1,2,1
"aa8477c6-a224-11e8-b201-41d95f45639c","5335",18,24,21
"c43b5286-a146-11e8-bf2c-8f4a631f500f","5268",17,60,50
"138ad2d4-9559-11e8-993b-2078d824af27","5167",30,39,32
"f0ccfd3c-013b-11e8-ac5d-a08db8bcf5f7","5154",0,0,0
"0a0d12a0-9c78-11e8-acfb-eb1702e95e35","5007",2,2,2
"3d66192a-9490-11e8-9907-2078d824af27","4992",1,1,1
"36b1feec-9ae3-11e8-8c2d-1e0e02e95e35","4952",18,32,26
"6d7eb81e-9af9-11e8-88d9-f017b12b5a53","4938",30,40,31
"4b3cddae-9a2b-11e8-a40c-1e0e02e95e35","4916",54,69,56
"5465e68c-9968-11e8-b9c7-852902e95e35","4842",37,46,39
"fe3217ec-9a0f-11e8-b345-107bb12b5a53","4822",8,18,13
"7dedba16-9bd4-11e8-b6f7-a25db12b5a53","4792",33,57,37
"c429cfac-9593-11e8-863b-fc60c095174f","4786",51,105,57
"c83591a6-a05d-11e8-af80-8f4a631f500f","4782",41,50,41
"82386dd2-9ba2-11e8-86e9-a25db12b5a53","4756",19,24,22
"9812c736-a211-11e8-9004-8f4a631f500f","4750",13,28,15
"e129338e-963f-11e8-a542-2078d824af27","4645",10,11,10
"82386dd2-9ba2-11e8-86e9-a25db12b5a53","4625",36,43,39
"7dedba16-9bd4-11e8-b6f7-a25db12b5a53","4611",30,43,30
"5465e68c-9968-11e8-b9c7-852902e95e35","4600",43,47,45
"456b68e4-9ca8-11e8-884c-eb1702e95e35","4579",9,11,10
"b6f434f0-9631-11e8-8a60-fc60c095174f","4523",7,9,7
"fe061f3a-06a2-11e8-9dee-328f588b2a65","4401",0,0,0
"0814e520-9d3d-11e8-89aa-a25db12b5a53","4344",81,170,78
"ab6ccd1a-5fed-11e8-b53b-be327c3166de","4329",5,5,6
"21b31f3a-a12d-11e8-be1d-41d95f45639c","4323",115,129,124
"cf8d0e1c-9639-11e8-936f-2078d824af27","4280",3,4,4
"e9383386-995f-11e8-a4ed-852902e95e35","4276",7,15,11
"bce1283c-a1fd-11e8-897e-41d95f45639c","4265",22,45,27
"10e87e8a-94a2-11e8-ba78-2078d824af27","4224",9,9,9
"42321806-94b7-11e8-9e55-fc60c095174f","4223",42,52,43
"3446b5f6-956d-11e8-a183-fc60c095174f","4101",75,90,85
"ea50192c-9708-11e8-82a3-2078d824af27","4046",45,56,50
"0a0d12a0-9c78-11e8-acfb-eb1702e95e35","3981",7,8,8
"907ae110-96eb-11e8-96a7-fc60c095174f","3976",6,10,9
"6d99ea58-a125-11e8-85de-8f4a631f500f","3787",18,22,18
"3d66192a-9490-11e8-9907-2078d824af27","3749",17,20,18
"cf8d0e1c-9639-11e8-936f-2078d824af27","3724",5,9,6
"e129338e-963f-11e8-a542-2078d824af27","3704",9,12,11
"d138d0c6-9bf6-11e8-8f8e-eb1702e95e35","3696",29,35,30
"3329e1c2-30f8-11e8-9ae4-ec97670cc1e3","3682",0,0,0
"0e3b9ca8-9ef7-11e8-9137-eb1702e95e35","3680",60,70,66
"545ac28c-8c04-11e8-8f45-e0e8393def43","3600",0,0,0
"a32029c6-89a1-11e8-a1c4-5683a7fcb7dc","3514",5,7,6
"6586e2d8-a14f-11e8-afd8-8f4a631f500f","3451",8,20,10
"e129338e-963f-11e8-a542-2078d824af27","3415",12,12,12
"d95fc914-170b-11e8-b027-36686c0143b9","3409",177,295,149
"163999e2-9af0-11e8-87aa-1e0e02e95e35","3402",17,25,17
"a1ef9464-9a46-11e8-8b2a-1e0e02e95e35","3399",6,9,7
"4f70ab5a-9a33-11e8-a608-f017b12b5a53","3373",20,29,20
"fcf7151c-94ce-11e8-9aff-fc60c095174f","3358",13,21,14
"a5dc0066-a154-11e8-84d8-8f4a631f500f","3358",146,171,161
"fb4e9adc-958c-11e8-89f9-fc60c095174f","3354",16,25,17
"c5eb79ce-a085-11e8-a080-41d95f45639c","3319",6,8,6
"7990d002-9fbc-11e8-9724-a25db12b5a53","3306",41,45,42
"d1a1b35a-93ce-11e8-bcba-fc60c095174f","3261",32,42,33
"99301356-9953-11e8-8039-2078d824af27","3210",3,5,5
"fdc8b106-8a58-11e8-8695-e0e8393def43","3191",1,1,1
"fb4e9adc-958c-11e8-89f9-fc60c095174f","3159",9,13,10
"421f65a6-93f6-11e8-925d-fc60c095174f","3139",3,3,3
"1a449504-6a36-11e8-86b0-85aca6a83071","3044",0,0,0
"cc881dae-220a-11e8-a885-7f6bd0dd5d77","3043",0,0,0
"14b01f4c-707f-11e8-afa1-ab7403c1ce92","3033",1,1,1
"07b77414-9f98-11e8-b572-eb1702e95e35","3020",21,23,21
"421f65a6-93f6-11e8-925d-fc60c095174f","3018",41,54,46
"ae91f93c-964f-11e8-aa2d-2078d824af27","3003",13,28,13
"ab43adb6-1c6a-11e8-a41c-4d238c11f014","2900",0,0,0
"6d7eb81e-9af9-11e8-88d9-f017b12b5a53","2873",11,13,11
"39c24f2a-8fe8-11e8-ab25-e0e8393def43","2840",9,12,9
"6c6da284-9f98-11e8-bbcf-eb1702e95e35","2832",20,34,20
"351ef64a-8a65-11e8-8ca7-8869a7fcb7dc","2805",0,0,0
"10e87e8a-94a2-11e8-ba78-2078d824af27","2796",18,22,19
"891d4278-67d4-11e8-9a86-fb1b3249e00a","2777",4,5,4
"5465e68c-9968-11e8-b9c7-852902e95e35","2739",26,32,27
"3080a7a0-81b4-11e8-9638-f86fca9e9af2","2713",13,41,13
"aa8477c6-a224-11e8-b201-41d95f45639c","2710",12,13,13
"5465e68c-9968-11e8-b9c7-852902e95e35","2695",30,34,32
"9fcaabc8-8fd4-11e8-8398-e0e8393def43","2693",2,2,2
"9258c4e2-9188-11e8-baef-fc60c095174f","2674",15,24,15
"fa5e724a-9baa-11e8-856a-eb1702e95e35","2674",1,1,1
"3d66192a-9490-11e8-9907-2078d824af27","2669",17,17,17
"8453807a-93f0-11e8-b468-fc60c095174f","2664",81,107,82
"c029feae-01f5-11e8-a8c0-a08db8bcf5f7","2660",0,0,0
"d95fc914-170b-11e8-b027-36686c0143b9","2651",139,263,110
"11dd5cd2-414d-11e8-8d21-a1e87e988848","2632",1,1,1
"96de7c24-00eb-11e8-8743-a08db8bcf5f7","2605",3,6,2
"c97f5c78-9977-11e8-a79d-852902e95e35","2595",17,28,18
"8e1f84aa-46ca-11e8-9901-de2ce12992ad","2547",0,0,0
"7b2172f8-745d-11e8-a55f-ab7403c1ce92","2544",2,2,2
"ae8e992c-a08b-11e8-9082-41d95f45639c","2537",75,112,84
"5ee74e7c-9ef2-11e8-9047-eb1702e95e35","2506",14,16,15
"d1983f34-7072-11e8-9b2e-ab7403c1ce92","2487",0,0,0
"639f36c2-00ec-11e8-86c6-d6fd8c1371f3","2485",1,1,1
"d95fc914-170b-11e8-b027-36686c0143b9","2480",103,220,85
"3d66192a-9490-11e8-9907-2078d824af27","2467",26,30,27
"1a789cb2-9b07-11e8-b29c-f017b12b5a53","2463",68,97,88
"1bca607c-6b24-11e8-b44b-8ed2e26c6167","2452",0,0,0
"163999e2-9af0-11e8-87aa-1e0e02e95e35","2450",12,17,12
"1f0b2036-a22f-11e8-9d4d-8f4a631f500f","2399",32,38,32
"0814e520-9d3d-11e8-89aa-a25db12b5a53","2398",31,76,31
"10e87e8a-94a2-11e8-ba78-2078d824af27","2382",0,1,1
"3bfd7946-9014-11e8-833b-2078d824af27","2377",26,37,21
"c429cfac-9593-11e8-863b-fc60c095174f","2358",21,54,23
"e289578e-0109-11e8-abb3-a08db8bcf5f7","2323",0,0,0
"f7b56108-8e75-11e8-b34d-8869a7fcb7dc","2309",223,264,252
"deaf89cc-00ef-11e8-a834-a08db8bcf5f7","2304",1,2,0
"347897ac-00f2-11e8-91b7-d6fd8c1371f3","2295",0,0,0
"69f972a4-a168-11e8-9077-41d95f45639c","2271",74,107,74
"1c3a3da4-a06a-11e8-815c-41d95f45639c","2264",1,2,2
"afcaa190-1df1-11e8-805a-deccd0dd5d77","2257",1,1,1
"57203bf0-6fa3-11e8-b5a2-70a303c1ce92","2246",0,1,0
"0814e520-9d3d-11e8-89aa-a25db12b5a53","2237",14,39,12
"ab6ccd1a-5fed-11e8-b53b-be327c3166de","2219",1,1,1
"fb4e9adc-958c-11e8-89f9-fc60c095174f","2218",25,31,26
"c68d5b34-0546-11e8-b8df-6836f727bb7d","2185",0,0,0
"c8ba8210-94b1-11e8-ac97-2078d824af27","2169",39,61,41
"fa5e724a-9baa-11e8-856a-eb1702e95e35","2167",0,0,0
"14b01f4c-707f-11e8-afa1-ab7403c1ce92","2151",0,0,0
"421f65a6-93f6-11e8-925d-fc60c095174f","2126",14,17,16
"b23460a8-00e9-11e8-84ee-00bd8c1371f3","2112",0,0,0
"351ef64a-8a65-11e8-8ca7-8869a7fcb7dc","2107",10,12,10
"d89a2080-994f-11e8-b4bc-2078d824af27","2088",4,6,5
"e93c2bec-6324-11e8-85d6-fb1b3249e00a","2070",0,0,0
"421f65a6-93f6-11e8-925d-fc60c095174f","2061",14,20,19
"3080a7a0-81b4-11e8-9638-f86fca9e9af2","2054",1,1,1
"d138d0c6-9bf6-11e8-8f8e-eb1702e95e35","2051",15,20,15
"8f90dcb2-79fb-11e8-b362-4ceaba6bc217","2048",0,0,0
"5465e68c-9968-11e8-b9c7-852902e95e35","2009",4,4,4
"2ddf22de-868b-11e8-95d8-f63dca9e9af2","1999",0,0,0
"c183bb3e-6bb6-11e8-8f74-8ed2e26c6167","1975",0,0,0
"45b330ee-9a18-11e8-b397-f017b12b5a53","1959",19,30,25
"3446b5f6-956d-11e8-a183-fc60c095174f","1953",105,119,110
"8f90dcb2-79fb-11e8-b362-4ceaba6bc217","1947",1,1,1
"421f65a6-93f6-11e8-925d-fc60c095174f","1916",15,19,19
"5277927e-0fef-11e8-b2b2-02ed3694657e","1912",0,0,0
"2638cfae-9c74-11e8-96ad-a25db12b5a53","1857",29,45,34
"a834ff8a-93d9-11e8-ae17-2078d824af27","1836",10,13,11
"8d837ec6-00fb-11e8-9f84-d6fd8c1371f3","1822",0,0,0
"1a25424e-917d-11e8-9d5b-2078d824af27","1813",36,42,37
"9258c4e2-9188-11e8-baef-fc60c095174f","1805",0,0,0
"335b20e6-9f90-11e8-80d1-eb1702e95e35","1795",53,57,55
"9294dd66-7f58-11e8-ac01-22576382b57d","1790",0,0,0
"3924a578-9659-11e8-ae1c-fc60c095174f","1772",18,21,19
"3d66192a-9490-11e8-9907-2078d824af27","1741",14,19,17
"85c70544-9a3f-11e8-8dd7-f017b12b5a53","1721",36,62,39
"9fcaabc8-8fd4-11e8-8398-e0e8393def43","1719",3,5,5
"1f70904e-9b02-11e8-bc21-f017b12b5a53","1701",6,8,6
"ab6ccd1a-5fed-11e8-b53b-be327c3166de","1694",10,10,10
"3c79e21e-80f2-11e8-8d1b-d8cdf617378b","1685",0,0,0
"94bc8c7e-9c8b-11e8-a40e-a25db12b5a53","1684",371,493,392
"25c3bace-00e9-11e8-991b-00bd8c1371f3","1681",0,0,0
"9fcaabc8-8fd4-11e8-8398-e0e8393def43","1678",0,0,0
"f462cb8c-957b-11e8-b8cb-fc60c095174f","1659",0,2,0
"7b7dc7ec-017b-11e8-b43b-a08db8bcf5f7","1655",0,0,0
"5277927e-0fef-11e8-b2b2-02ed3694657e","1645",1,1,1
"b9a82542-971e-11e8-815e-fc60c095174f","1640",0,0,0
"10e87e8a-94a2-11e8-ba78-2078d824af27","1626",4,5,4
"add99d66-878f-11e8-b0f7-f63dca9e9af2","1625",0,0,0
"d5b9ac3c-3671-11e8-a522-c70d7f988848","1624",0,0,0
"3446b5f6-956d-11e8-a183-fc60c095174f","1600",68,79,71
"4b3cddae-9a2b-11e8-a40c-1e0e02e95e35","1581",22,25,23
"94bc8c7e-9c8b-11e8-a40e-a25db12b5a53","1570",354,490,380
"1a789cb2-9b07-11e8-b29c-f017b12b5a53","1570",29,42,37
"afcaa190-1df1-11e8-805a-deccd0dd5d77","1560",0,0,0
"6ff50a26-44a0-11e8-9e48-de2ce12992ad","1554",0,0,0
"0814e520-9d3d-11e8-89aa-a25db12b5a53","1554",148,337,148
"6725a662-328f-11e8-8066-9e0d2a124413","1535",0,0,0
"ab6ccd1a-5fed-11e8-b53b-be327c3166de","1531",8,8,8
"f8f22494-91ad-11e8-ac8f-fc60c095174f","1520",25,33,26
"5d1ae9ee-8374-11e8-a094-f86fca9e9af2","1496",0,0,0
"3924a578-9659-11e8-ae1c-fc60c095174f","1487",0,0,0
"68fbf22e-6fb7-11e8-8028-f0a9a6a83071","1486",0,0,0
"deaf89cc-00ef-11e8-a834-a08db8bcf5f7","1485",0,0,0
"c429cfac-9593-11e8-863b-fc60c095174f","1468",17,34,17
"e53a6e88-90a5-11e8-a466-2078d824af27","1459",2,2,2
"7b2172f8-745d-11e8-a55f-ab7403c1ce92","1456",1,1,1
"e60d6780-5814-11e8-81c8-c044553edb85","1453",0,0,0
"5bca5b5c-013c-11e8-a44d-a08db8bcf5f7","1448",0,0,0
"6d7eb81e-9af9-11e8-88d9-f017b12b5a53","1448",8,9,8
"fd0296d2-93ff-11e8-a43c-fc60c095174f","1443",23,59,24
"e4525d10-6962-11e8-bf55-fb1b3249e00a","1431",0,0,0
"9f71df54-a215-11e8-92a5-8f4a631f500f","1430",11,18,12
"c8ba8210-94b1-11e8-ac97-2078d824af27","1376",23,30,23
"510a1d42-9c87-11e8-9dc5-a25db12b5a53","1372",96,108,97
"a32029c6-89a1-11e8-a1c4-5683a7fcb7dc","1363",0,0,0
"1f70904e-9b02-11e8-bc21-f017b12b5a53","1359",3,5,3
"2ff21c08-916b-11e8-80ce-fc60c095174f","1355",0,0,0
"57203bf0-6fa3-11e8-b5a2-70a303c1ce92","1347",0,0,0
"335b20e6-9f90-11e8-80d1-eb1702e95e35","1340",71,87,75
"fd79e8cc-738e-11e8-988e-f0a9a6a83071","1315",0,0,0
"f7b56108-8e75-11e8-b34d-8869a7fcb7dc","1312",130,160,146
"3080a7a0-81b4-11e8-9638-f86fca9e9af2","1310",1,1,0
"9a432d1c-9fa9-11e8-b1b7-a25db12b5a53","1305",12,17,12
"fd0296d2-93ff-11e8-a43c-fc60c095174f","1283",20,37,21
"6d083cde-8505-11e8-83d1-d8cdf617378b","1282",0,0,0
"2638cfae-9c74-11e8-96ad-a25db12b5a53","1279",13,19,13
"96de7c24-00eb-11e8-8743-a08db8bcf5f7","1276",5,6,5
"c5eb79ce-a085-11e8-a080-41d95f45639c","1263",4,5,4
"4b3cddae-9a2b-11e8-a40c-1e0e02e95e35","1257",10,12,11
"510a1d42-9c87-11e8-9dc5-a25db12b5a53","1249",161,177,162
"c8163874-8a96-11e8-ae59-e0e8393def43","1248",0,0,0
"e53a6e88-90a5-11e8-a466-2078d824af27","1237",0,0,0
"adcf3b3c-9ef0-11e8-a762-a25db12b5a53","1223",3,5,3
"25c3bc04-00e9-11e8-991b-00bd8c1371f3","1221",0,0,0
"3446b5f6-956d-11e8-a183-fc60c095174f","1219",222,264,243
"bc8797e6-011b-11e8-90cd-d6fd8c1371f3","1216",0,0,0
"a20ce268-00e9-11e8-94e6-cf60b8bcf5f7","1211",0,0,0
"9258c4e2-9188-11e8-baef-fc60c095174f","1197",5,13,5
"549cf932-7aa6-11e8-9740-4ceaba6bc217","1177",0,0,0
"96de7c24-00eb-11e8-8743-a08db8bcf5f7","1176",9,23,9
"e53a6e88-90a5-11e8-a466-2078d824af27","1174",3,3,3
"1bca607c-6b24-11e8-b44b-8ed2e26c6167","1166",2,2,2
"c83591a6-a05d-11e8-af80-8f4a631f500f","1149",32,35,32
"fb4e9adc-958c-11e8-89f9-fc60c095174f","1145",3,3,3
"1c419614-9fb9-11e8-b9f9-eb1702e95e35","1144",4,5,4
"e53a6e88-90a5-11e8-a466-2078d824af27","1143",19,23,20
"8e1f84aa-46ca-11e8-9901-de2ce12992ad","1134",1,1,1
"fcf7151c-94ce-11e8-9aff-fc60c095174f","1133",0,0,0
"158570c8-747d-11e8-aa2c-f0a9a6a83071","1124",1,1,1
"e53a6e88-90a5-11e8-a466-2078d824af27","1114",6,6,6
"351ef64a-8a65-11e8-8ca7-8869a7fcb7dc","1114",2,2,2
"39c24f2a-8fe8-11e8-ab25-e0e8393def43","1109",0,0,0
"94bc8c7e-9c8b-11e8-a40e-a25db12b5a53","1106",129,164,134
"a200ee44-0559-11e8-8b73-6836f727bb7d","1105",0,0,0
"1c7149de-7ea0-11e8-ada7-22576382b57d","1100",0,0,0
"925488dc-8e54-11e8-a0ec-e0e8393def43","1099",0,0,0
"1a789cb2-9b07-11e8-b29c-f017b12b5a53","1083",10,16,13
"ab6ccd1a-5fed-11e8-b53b-be327c3166de","1081",11,11,11
"163999e2-9af0-11e8-87aa-1e0e02e95e35","1080",14,15,14
"b2c1fd62-6a4a-11e8-a6f6-8ed2e26c6167","1070",0,0,0
"cfeecb0e-8f2f-11e8-80da-e0e8393def43","1070",0,0,0
"a32029c6-89a1-11e8-a1c4-5683a7fcb7dc","1050",5,5,5
"6d7eb81e-9af9-11e8-88d9-f017b12b5a53","1040",11,14,11
"10e87e8a-94a2-11e8-ba78-2078d824af27","1039",6,6,6
"925488dc-8e54-11e8-a0ec-e0e8393def43","1030",9,11,9
"21b31f3a-a12d-11e8-be1d-41d95f45639c","1017",134,156,143
"5465e68c-9968-11e8-b9c7-852902e95e35","1013",13,14,13
"3446b5f6-956d-11e8-a183-fc60c095174f","1011",15,16,16
"e4525d10-6962-11e8-bf55-fb1b3249e00a","1011",2,3,3
"85c70544-9a3f-11e8-8dd7-f017b12b5a53","1009",109,157,114
"ad7927ea-00eb-11e8-9bcc-a08db8bcf5f7","1009",0,0,0
"510a1d42-9c87-11e8-9dc5-a25db12b5a53","1006",68,79,72
"3d66192a-9490-11e8-9907-2078d824af27","1005",0,0,0
"4b3cddae-9a2b-11e8-a40c-1e0e02e95e35","1003",20,25,22
"42321806-94b7-11e8-9e55-fc60c095174f","1000",6,9,6
"b23460a8-00e9-11e8-84ee-00bd8c1371f3","995",0,1,0
"f754c07e-0981-11e8-a994-4194588b2a65","993",0,0,0
"c8163874-8a96-11e8-ae59-e0e8393def43","988",1,1,1
"9a432d1c-9fa9-11e8-b1b7-a25db12b5a53","986",9,16,9
"b80ec268-8517-11e8-b5d2-d8cdf617378b","968",0,1,1
"9a432d1c-9fa9-11e8-b1b7-a25db12b5a53","964",12,19,13
"04967534-0bdf-11e8-ae62-ea2c588b2a65","952",0,0,0
"36b1feec-9ae3-11e8-8c2d-1e0e02e95e35","946",6,7,6
"94bc8c7e-9c8b-11e8-a40e-a25db12b5a53","946",189,268,205
"a2aae3bc-8025-11e8-b4c6-4ceaba6bc217","945",0,0,0
"cf8d0e1c-9639-11e8-936f-2078d824af27","939",2,3,2
"ebddb200-6a20-11e8-ac62-85aca6a83071","936",0,0,0
"3031c876-90c1-11e8-a3d8-2078d824af27","935",35,42,37
"421f65a6-93f6-11e8-925d-fc60c095174f","933",3,4,3
"85c70544-9a3f-11e8-8dd7-f017b12b5a53","932",119,161,125
"f461b91e-5916-11e8-a944-be327c3166de","928",0,0,0
"7246ba90-8c21-11e8-99b8-e0e8393def43","922",0,0,0
"b7bc51f2-8429-11e8-b57f-f86fca9e9af2","912",0,0,0
"0a0d12a0-9c78-11e8-acfb-eb1702e95e35","907",3,3,3
"5465e68c-9968-11e8-b9c7-852902e95e35","902",8,10,8
"3031c876-90c1-11e8-a3d8-2078d824af27","900",0,0,0
"c82a6ac2-791d-11e8-88fa-4ceaba6bc217","892",0,0,0
"9258c4e2-9188-11e8-baef-fc60c095174f","890",8,23,10
"e129338e-963f-11e8-a542-2078d824af27","886",2,4,3
"d046f614-80ff-11e8-a871-d8cdf617378b","883",0,0,0
"421f65a6-93f6-11e8-925d-fc60c095174f","880",2,4,2
"108aa054-96fe-11e8-bcbd-2078d824af27","878",8,13,9
"5465e68c-9968-11e8-b9c7-852902e95e35","862",3,4,3
"295011f0-8439-11e8-88db-f86fca9e9af2","861",0,0,0
"c429cfac-9593-11e8-863b-fc60c095174f","855",1,1,1
"cf8d0e1c-9639-11e8-936f-2078d824af27","845",0,0,0
"c7f9c36e-5f31-11e8-9db8-be327c3166de","842",0,0,0
"a5956c8a-9ee0-11e8-ad05-a25db12b5a53","833",26,39,27
"3446b5f6-956d-11e8-a183-fc60c095174f","831",54,65,60
"c881cb96-8c0a-11e8-8ed5-8869a7fcb7dc","829",1,1,1
"b234667a-00e9-11e8-84ee-00bd8c1371f3","829",0,0,0
"8dbef6bc-8112-11e8-9665-f86fca9e9af2","826",0,0,0
"c8ba8210-94b1-11e8-ac97-2078d824af27","826",82,131,90
"fa8f4d4c-8675-11e8-b052-5683a7fcb7dc","825",0,0,0
"45e17a34-72cd-11e8-86ac-f0a9a6a83071","822",0,0,0
"c429cfac-9593-11e8-863b-fc60c095174f","819",1,2,1
"335b20e6-9f90-11e8-80d1-eb1702e95e35","816",30,33,31
"f7b56108-8e75-11e8-b34d-8869a7fcb7dc","815",101,119,110
"335b20e6-9f90-11e8-80d1-eb1702e95e35","805",31,43,36
"e9383386-995f-11e8-a4ed-852902e95e35","801",4,5,4
"e20f277a-03ed-11e8-a962-a08db8bcf5f7","799",0,0,0
"e36927f8-00e9-11e8-af1d-cf60b8bcf5f7","796",0,0,0
"39c24f2a-8fe8-11e8-ab25-e0e8393def43","795",15,18,15
"c8ba8210-94b1-11e8-ac97-2078d824af27","785",70,123,81
"96de8e12-00eb-11e8-8743-a08db8bcf5f7","780",0,0,0
"85c70544-9a3f-11e8-8dd7-f017b12b5a53","779",165,235,178
"1f70904e-9b02-11e8-bc21-f017b12b5a53","779",5,6,5
"9fcaabc8-8fd4-11e8-8398-e0e8393def43","779",7,10,8
"c881cb96-8c0a-11e8-8ed5-8869a7fcb7dc","776",0,0,0
"b2991e86-59b2-11e8-a6d2-859bd8b0a68a","772",0,0,0
"040fa184-90b5-11e8-ade0-fc60c095174f","771",18,36,23
"5277927e-0fef-11e8-b2b2-02ed3694657e","771",2,2,2
"639f23a8-00ec-11e8-86c6-d6fd8c1371f3","768",0,0,0
"9fcaabc8-8fd4-11e8-8398-e0e8393def43","766",1,1,1
"4b3cddae-9a2b-11e8-a40c-1e0e02e95e35","764",19,22,22
"b80ec268-8517-11e8-b5d2-d8cdf617378b","761",0,0,0
"ae91f93c-964f-11e8-aa2d-2078d824af27","756",8,12,8
"d95fc914-170b-11e8-b027-36686c0143b9","749",84,129,73
"7b3a104e-90d0-11e8-af4d-2078d824af27","748",5,6,5
"a7ff3bfe-72e4-11e8-a294-f0a9a6a83071","748",0,0,0
"70897340-89b6-11e8-88c0-8869a7fcb7dc","744",0,0,0
"9a7c9722-2b51-11e8-b493-4092e7e25155","741",0,0,0
"925488dc-8e54-11e8-a0ec-e0e8393def43","738",11,12,11
"d5b9ac3c-3671-11e8-a522-c70d7f988848","738",1,1,1
"5465e68c-9968-11e8-b9c7-852902e95e35","737",3,3,3
"cf8d0e1c-9639-11e8-936f-2078d824af27","731",0,1,0
"c8ba8210-94b1-11e8-ac97-2078d824af27","728",26,48,28
"94bc8c7e-9c8b-11e8-a40e-a25db12b5a53","727",101,145,106
"f462cb8c-957b-11e8-b8cb-fc60c095174f","726",2,4,2
"7dedba16-9bd4-11e8-b6f7-a25db12b5a53","721",14,25,15
"7dedba16-9bd4-11e8-b6f7-a25db12b5a53","719",8,15,9
"f7b56108-8e75-11e8-b34d-8869a7fcb7dc","717",58,75,66
"dc5f5332-8682-11e8-a5eb-5683a7fcb7dc","715",2,2,2
"10e87e8a-94a2-11e8-ba78-2078d824af27","715",7,7,7
"1434ff5c-625a-11e8-88c9-859bd8b0a68a","714",0,0,0
"c8ba8210-94b1-11e8-ac97-2078d824af27","714",41,65,45
"70819d4e-0501-11e8-876c-fd4a588b2a65","711",0,0,0
"3d66192a-9490-11e8-9907-2078d824af27","709",2,2,2
"0e3b9ca8-9ef7-11e8-9137-eb1702e95e35","708",23,33,26
"1c419614-9fb9-11e8-b9f9-eb1702e95e35","708",3,3,3
"38293cc4-90b9-11e8-9d44-fc60c095174f","706",10,23,11
"f7b56108-8e75-11e8-b34d-8869a7fcb7dc","705",2,3,3
"8a878d06-8b30-11e8-bd77-8869a7fcb7dc","705",0,0,0
"f6c3a6e6-47b3-11e8-a26f-2f2eb7f3f1c9","704",0,0,0
"5395ae3e-6d69-11e8-bb02-97eea6a83071","703",0,0,0
"d1983f34-7072-11e8-9b2e-ab7403c1ce92","700",0,1,0
"e800fd4a-064d-11e8-bbdb-ef4bf727bb7d","699",0,0,0
"3080a7a0-81b4-11e8-9638-f86fca9e9af2","699",0,1,0
"f9e00a2e-01a2-11e8-b541-a08db8bcf5f7","698",0,0,0
"99c06084-75f2-11e8-9e59-ab7403c1ce92","689",0,0,0
"10e87e8a-94a2-11e8-ba78-2078d824af27","689",2,2,2
"9258c4e2-9188-11e8-baef-fc60c095174f","689",1,2,1
"6af2b36e-2864-11e8-ac57-8994e7e25155","686",0,0,0
"7990d002-9fbc-11e8-9724-a25db12b5a53","685",24,25,24
"510a1d42-9c87-11e8-9dc5-a25db12b5a53","684",98,111,100
"89e5ff32-1d25-11e8-aa47-8fc5d0dd5d77","680",1,1,1
"73a73d14-8f24-11e8-8494-e0e8393def43","678",74,159,78
"c5eb79ce-a085-11e8-a080-41d95f45639c","677",5,8,6
"f73194a8-8a84-11e8-acd7-e0e8393def43","677",0,0,0
"6c6da284-9f98-11e8-bbcf-eb1702e95e35","676",7,14,8
"c8ba8210-94b1-11e8-ac97-2078d824af27","675",25,43,28
"5260e97c-7a0f-11e8-8cc5-22576382b57d","675",0,0,0
"3c79e21e-80f2-11e8-8d1b-d8cdf617378b","674",1,2,1
"5423b52c-00f3-11e8-9a58-a08db8bcf5f7","673",0,0,0
"97de674c-46f5-11e8-8ba5-9340d85716e6","672",0,0,0
"aeb9b5b6-00e6-11e8-9694-00bd8c1371f3","672",0,0,0
"fd0296d2-93ff-11e8-a43c-fc60c095174f","669",7,14,8
"394b186c-39a1-11e8-8243-c70d7f988848","668",0,0,0
"57f69890-00e9-11e8-97fa-cf60b8bcf5f7","664",2,2,2
"fd79e8cc-738e-11e8-988e-f0a9a6a83071","663",0,1,1
"30e45474-8bed-11e8-b180-e0e8393def43","662",0,0,0
"e4525d10-6962-11e8-bf55-fb1b3249e00a","660",0,1,1
"73a73d14-8f24-11e8-8494-e0e8393def43","656",82,150,88
"3bfd7946-9014-11e8-833b-2078d824af27","650",17,21,15
"94bc8c7e-9c8b-11e8-a40e-a25db12b5a53","644",116,150,120
"fb4e9adc-958c-11e8-89f9-fc60c095174f","638",5,5,5
"fd0296d2-93ff-11e8-a43c-fc60c095174f","635",10,17,11
"0e3b9ca8-9ef7-11e8-9137-eb1702e95e35","633",24,28,25
"f586653a-4942-11e8-8ecf-2f2eb7f3f1c9","632",0,0,0
"74c27e74-72f1-11e8-a25b-f0a9a6a83071","631",0,0,0
"fc4fe9ba-85c2-11e8-817a-5683a7fcb7dc","630",0,0,0
"008b2e78-8e50-11e8-8bc7-8869a7fcb7dc","626",0,0,0
"83ac848c-00f7-11e8-b422-a08db8bcf5f7","625",0,0,0
"39c24f2a-8fe8-11e8-ab25-e0e8393def43","624",1,1,1
"89e5ff32-1d25-11e8-aa47-8fc5d0dd5d77","615",0,0,0
"d21c36b2-00e8-11e8-9a2d-cf60b8bcf5f7","612",3,6,4
"45b330ee-9a18-11e8-b397-f017b12b5a53","605",11,16,12
"73a73d14-8f24-11e8-8494-e0e8393def43","604",48,95,51
"ea50192c-9708-11e8-82a3-2078d824af27","601",10,14,12
"c43b5286-a146-11e8-bf2c-8f4a631f500f","601",16,40,39
"2638cfae-9c74-11e8-96ad-a25db12b5a53","594",12,16,14
"3031c876-90c1-11e8-a3d8-2078d824af27","594",53,65,57
"cb900a6e-1644-11e8-9597-36686c0143b9","594",0,0,0
"6d083cde-8505-11e8-83d1-d8cdf617378b","593",1,1,1
"639f2baa-00ec-11e8-86c6-d6fd8c1371f3","593",0,0,0
"ce5f2424-5e73-11e8-9ed2-be327c3166de","591",0,0,0
"85c70544-9a3f-11e8-8dd7-f017b12b5a53","588",101,147,107
"07b77414-9f98-11e8-b572-eb1702e95e35","587",3,4,3
"d95fc914-170b-11e8-b027-36686c0143b9","586",67,111,66
"fb4e9adc-958c-11e8-89f9-fc60c095174f","582",8,9,8
"c8ba8210-94b1-11e8-ac97-2078d824af27","575",18,28,20
"a687a488-708b-11e8-a04e-f0a9a6a83071","571",0,0,0
"8292bfb0-51df-11e8-bd3f-994db7f3f1c9","566",0,0,0
"6e1216a2-00f0-11e8-837a-d6fd8c1371f3","564",0,0,0
"1a25424e-917d-11e8-9d5b-2078d824af27","564",44,48,46
"a5956c8a-9ee0-11e8-ad05-a25db12b5a53","563",26,34,26
"108aa054-96fe-11e8-bcbd-2078d824af27","560",5,7,5
"cfa79b9a-84ed-11e8-8e30-d8cdf617378b","559",0,0,0
"2ff21c08-916b-11e8-80ce-fc60c095174f","559",20,24,20
"351ef64a-8a65-11e8-8ca7-8869a7fcb7dc","553",1,1,1
"38293cc4-90b9-11e8-9d44-fc60c095174f","550",0,0,0
"3080a7a0-81b4-11e8-9638-f86fca9e9af2","550",0,0,0
"1c7149de-7ea0-11e8-ada7-22576382b57d","549",1,1,1
"85c70544-9a3f-11e8-8dd7-f017b12b5a53","544",36,54,38
"6ca36904-73a2-11e8-9292-ab7403c1ce92","542",1,2,1
"7dedba16-9bd4-11e8-b6f7-a25db12b5a53","541",3,9,4
"881b4042-8f10-11e8-8b13-e0e8393def43","540",0,0,0
"421f65a6-93f6-11e8-925d-fc60c095174f","539",1,2,1
"3924a578-9659-11e8-ae1c-fc60c095174f","539",9,11,10
"fb4e9adc-958c-11e8-89f9-fc60c095174f","532",9,10,10
"51177ba0-00eb-11e8-890a-d6fd8c1371f3","531",0,0,0
"fb4e9adc-958c-11e8-89f9-fc60c095174f","531",6,7,6
"10e87e8a-94a2-11e8-ba78-2078d824af27","530",5,6,5
"ab6ccd1a-5fed-11e8-b53b-be327c3166de","530",6,6,6
"7971605c-7530-11e8-bec0-ab7403c1ce92","529",0,0,0
"0814e520-9d3d-11e8-89aa-a25db12b5a53","526",6,23,7
"138ad2d4-9559-11e8-993b-2078d824af27","524",2,4,2
"fdc8b106-8a58-11e8-8695-e0e8393def43","518",0,0,0
"f462cb8c-957b-11e8-b8cb-fc60c095174f","517",0,0,0
"a1ef9464-9a46-11e8-8b2a-1e0e02e95e35","517",3,3,3
"a5956c8a-9ee0-11e8-ad05-a25db12b5a53","516",36,53,38
"e53a6e88-90a5-11e8-a466-2078d824af27","514",31,38,35
"e53a6e88-90a5-11e8-a466-2078d824af27","510",1,1,1
"42321806-94b7-11e8-9e55-fc60c095174f","509",0,0,0
"3d66192a-9490-11e8-9907-2078d824af27","509",7,8,7
"7990d002-9fbc-11e8-9724-a25db12b5a53","507",11,11,11
"bc518a3e-026a-11e8-93a1-a08db8bcf5f7","504",0,0,0
"ea50192c-9708-11e8-82a3-2078d824af27","504",7,9,7
"3d66192a-9490-11e8-9907-2078d824af27","501",6,6,6
"3bfd7946-9014-11e8-833b-2078d824af27","497",10,15,6
"dc5f5332-8682-11e8-a5eb-5683a7fcb7dc","492",0,0,0
"412430d8-3676-11e8-8cc7-c70d7f988848","491",0,0,0
"57f69890-00e9-11e8-97fa-cf60b8bcf5f7","488",0,0,0
"371601f0-00ea-11e8-874a-00bd8c1371f3","487",0,0,0
"f7b56108-8e75-11e8-b34d-8869a7fcb7dc","486",1,1,1
"94bc8c7e-9c8b-11e8-a40e-a25db12b5a53","485",74,99,78
"9a432d1c-9fa9-11e8-b1b7-a25db12b5a53","481",9,11,9
"1a789cb2-9b07-11e8-b29c-f017b12b5a53","481",43,60,55
"1a789cb2-9b07-11e8-b29c-f017b12b5a53","478",6,9,6
"f462cb8c-957b-11e8-b8cb-fc60c095174f","477",3,3,3
"351ef64a-8a65-11e8-8ca7-8869a7fcb7dc","476",1,2,2
"8453807a-93f0-11e8-b468-fc60c095174f","474",3,6,3
"dd7ce168-84d8-11e8-a7a9-f86fca9e9af2","472",0,0,0
"0e3b9ca8-9ef7-11e8-9137-eb1702e95e35","472",32,40,34
"ba5f0ab8-7b9a-11e8-896a-22576382b57d","471",0,0,0
"3446b5f6-956d-11e8-a183-fc60c095174f","471",72,83,81
"1e853b7e-33e9-11e8-9836-4f1e2a124413","469",0,0,0
"07b77414-9f98-11e8-b572-eb1702e95e35","468",8,10,9
"9fcaabc8-8fd4-11e8-8398-e0e8393def43","467",7,9,7
"f0342652-96f5-11e8-83ad-2078d824af27","465",3,3,3
"040fa184-90b5-11e8-ade0-fc60c095174f","465",17,27,23
"3d66192a-9490-11e8-9907-2078d824af27","465",1,2,1
"d95fc914-170b-11e8-b027-36686c0143b9","461",47,68,42
"fcf7151c-94ce-11e8-9aff-fc60c095174f","461",3,6,3
"ad801ad6-8c15-11e8-a08f-e0e8393def43","461",0,0,0
"dd7ce168-84d8-11e8-a7a9-f86fca9e9af2","456",1,1,1
"7b3a104e-90d0-11e8-af4d-2078d824af27","456",8,9,9
"335b20e6-9f90-11e8-80d1-eb1702e95e35","456",42,51,48
"0814e520-9d3d-11e8-89aa-a25db12b5a53","456",31,78,33
"b80ec268-8517-11e8-b5d2-d8cdf617378b","455",2,2,2
"3446b5f6-956d-11e8-a183-fc60c095174f","454",1,1,1
"1c419614-9fb9-11e8-b9f9-eb1702e95e35","454",2,2,2
"6f6dfbe4-706f-11e8-afb8-ab7403c1ce92","448",0,0,0
"ddd8c3da-31c6-11e8-8716-fb9c670cc1e3","447",0,0,0
"ea50192c-9708-11e8-82a3-2078d824af27","446",6,8,7
"de106032-7f88-11e8-9907-4ceaba6bc217","446",0,0,0
"013edcdc-7543-11e8-ad22-ab7403c1ce92","445",0,0,0
"a93a5a1e-6bcb-11e8-9433-85aca6a83071","445",0,0,0
"25108336-7c55-11e8-8ab0-4ceaba6bc217","445",0,0,0
"a834ff8a-93d9-11e8-ae17-2078d824af27","445",0,0,0
"a5956c8a-9ee0-11e8-ad05-a25db12b5a53","445",35,58,37
"163999e2-9af0-11e8-87aa-1e0e02e95e35","444",5,8,6
"96de7c24-00eb-11e8-8743-a08db8bcf5f7","444",27,60,26
"5465e68c-9968-11e8-b9c7-852902e95e35","443",1,1,1
"549cf932-7aa6-11e8-9740-4ceaba6bc217","443",1,1,1
"d21c2b72-00e8-11e8-9a2d-cf60b8bcf5f7","440",0,0,0
"fce35186-8744-11e8-8a85-5683a7fcb7dc","439",0,0,0
"f7ea3332-90c9-11e8-9058-2078d824af27","439",0,0,0
"7990d002-9fbc-11e8-9724-a25db12b5a53","439",19,24,22
"18afb7c4-3d71-11e8-97ae-9882fee5d756","436",0,0,0
"85c70544-9a3f-11e8-8dd7-f017b12b5a53","435",51,77,55
"885e2b98-0115-11e8-972c-d6fd8c1371f3","435",0,0,0
"108aa054-96fe-11e8-bcbd-2078d824af27","433",5,6,5
"5ed81494-8a7e-11e8-9de9-e0e8393def43","433",0,0,0
"c8ba8210-94b1-11e8-ac97-2078d824af27","433",10,17,10
"1cbde0f4-00ed-11e8-83e1-a08db8bcf5f7","432",0,0,0
"f8f22494-91ad-11e8-ac8f-fc60c095174f","431",0,1,0
"a32029c6-89a1-11e8-a1c4-5683a7fcb7dc","428",1,1,1
"72831254-8b38-11e8-a2aa-e0e8393def43","427",0,0,0
"ded08940-8733-11e8-8a99-f63dca9e9af2","426",0,0,0
"70897340-89b6-11e8-88c0-8869a7fcb7dc","426",17,24,15
"6586e2d8-a14f-11e8-afd8-8f4a631f500f","426",11,26,11
"fb4e9adc-958c-11e8-89f9-fc60c095174f","424",0,1,0
"a01335e6-89a8-11e8-bdc5-8869a7fcb7dc","424",0,0,0
"e28b361a-00e8-11e8-9e1c-00bd8c1371f3","423",0,0,0
"f0342652-96f5-11e8-83ad-2078d824af27","422",1,1,1
"64b1c1d4-9178-11e8-aba7-2078d824af27","422",0,0,0
"f462cb8c-957b-11e8-b8cb-fc60c095174f","422",4,5,4
"69c20a7c-84e8-11e8-a03a-d8cdf617378b","421",0,0,0
"ae91f93c-964f-11e8-aa2d-2078d824af27","416",9,18,9
"da06a4e0-51d6-11e8-bae3-994db7f3f1c9","416",0,0,0
"3715ff8e-00ea-11e8-874a-00bd8c1371f3","413",0,0,0
"be3d7150-6fca-11e8-ba82-70a303c1ce92","411",0,0,0
"2661c622-6b1c-11e8-97b1-8ed2e26c6167","410",0,0,0
"8f90dcb2-79fb-11e8-b362-4ceaba6bc217","408",3,3,3
"138ad2d4-9559-11e8-993b-2078d824af27","408",1,1,1
"5055acc2-551a-11e8-9522-ae43553edb85","407",0,0,0
"73a73d14-8f24-11e8-8494-e0e8393def43","407",40,72,41
"9294dd66-7f58-11e8-ac01-22576382b57d","406",1,1,1
"34b94478-8414-11e8-8ef0-d8cdf617378b","405",0,0,0
"43218ed4-72fe-11e8-bde1-ab7403c1ce92","405",0,0,0
"108aa054-96fe-11e8-bcbd-2078d824af27","403",3,5,3
"89612140-0673-11e8-8c16-cc9f588b2a65","403",0,0,0
"9f8bbd0a-00f0-11e8-82ed-a08db8bcf5f7","400",0,0,0
"c97f5c78-9977-11e8-a79d-852902e95e35","399",0,0,0
"4ffd940a-6a42-11e8-ac18-85aca6a83071","398",0,0,0
"3d66192a-9490-11e8-9907-2078d824af27","397",5,6,5
"fc4f176e-64b2-11e8-94f9-391108143ee7","397",0,0,0
"8453807a-93f0-11e8-b468-fc60c095174f","394",0,0,0
"5d1ae9ee-8374-11e8-a094-f86fca9e9af2","392",1,1,1
"4a0c2c50-3f13-11e8-bbee-5a53fee5d756","391",0,0,0
"e36927f8-00e9-11e8-af1d-cf60b8bcf5f7","391",2,2,2
"78a1c7b2-057c-11e8-b9a9-6836f727bb7d","390",0,0,0
"b80ec268-8517-11e8-b5d2-d8cdf617378b","388",3,4,3
"70897340-89b6-11e8-88c0-8869a7fcb7dc","388",20,32,20
"e28b4128-00e8-11e8-9e1c-00bd8c1371f3","387",0,0,0
"7a72c312-06a7-11e8-8852-328f588b2a65","385",0,0,0
"f744e0b4-5cc9-11e8-88b5-859bd8b0a68a","385",0,0,0
"d138d0c6-9bf6-11e8-8f8e-eb1702e95e35","385",8,9,8
"3ce43576-6737-11e8-8a8a-fb1b3249e00a","384",0,0,0
"7359546c-3805-11e8-927b-c70d7f988848","384",0,0,0
"fd0296d2-93ff-11e8-a43c-fc60c095174f","383",1,2,1
"040fa184-90b5-11e8-ade0-fc60c095174f","383",0,0,0
"b9a82542-971e-11e8-815e-fc60c095174f","382",1,1,1
"3924a578-9659-11e8-ae1c-fc60c095174f","381",13,18,13
"45b330ee-9a18-11e8-b397-f017b12b5a53","380",5,8,7
"ad2733c6-5dc1-11e8-8f9c-be327c3166de","379",0,0,0
"56dc478c-88e0-11e8-928b-f63dca9e9af2","378",0,0,0
"38293cc4-90b9-11e8-9d44-fc60c095174f","377",1,1,1
"10e87e8a-94a2-11e8-ba78-2078d824af27","377",39,46,41
"2ff21c08-916b-11e8-80ce-fc60c095174f","376",43,50,45
"72319330-9ed3-11e8-8dc8-eb1702e95e35","375",12,14,12
"5ee74e7c-9ef2-11e8-9047-eb1702e95e35","371",3,4,3
"17ccf284-8bfc-11e8-a7e8-e0e8393def43","370",0,0,0
"907ae110-96eb-11e8-96a7-fc60c095174f","366",2,3,3
"c97f5c78-9977-11e8-a79d-852902e95e35","366",1,3,1
"440a3e5e-00f8-11e8-bbf0-a08db8bcf5f7","365",1,1,1
"73a73d14-8f24-11e8-8494-e0e8393def43","365",0,0,0
"ea50192c-9708-11e8-82a3-2078d824af27","364",2,2,2
"a5956c8a-9ee0-11e8-ad05-a25db12b5a53","364",29,45,29
"9ddd592c-8c1a-11e8-9216-e0e8393def43","364",0,0,0
"f7b56108-8e75-11e8-b34d-8869a7fcb7dc","362",4,4,4
"56dc478c-88e0-11e8-928b-f63dca9e9af2","362",1,1,1
"fd0296d2-93ff-11e8-a43c-fc60c095174f","361",4,5,4
"394b186c-39a1-11e8-8243-c70d7f988848","361",0,1,0
"8453807a-93f0-11e8-b468-fc60c095174f","361",40,47,40
"1a25424e-917d-11e8-9d5b-2078d824af27","360",0,0,0
"d256fcb6-7eb0-11e8-b2ee-22576382b57d","360",31,58,31
"b0a03aa2-8fee-11e8-b225-8869a7fcb7dc","360",7,14,9
"72319330-9ed3-11e8-8dc8-eb1702e95e35","359",7,9,8
"6242559e-8f20-11e8-92f6-e0e8393def43","358",0,0,0
"fcaaa970-25de-11e8-8040-9579ecc9a62c","358",0,0,0
"10e87e8a-94a2-11e8-ba78-2078d824af27","357",30,34,31
"3bfd7946-9014-11e8-833b-2078d824af27","357",12,16,11
"8218afec-358b-11e8-9033-4f1e2a124413","356",0,0,0
"f0342652-96f5-11e8-83ad-2078d824af27","354",0,0,0
"3d66192a-9490-11e8-9907-2078d824af27","354",4,4,4
"846bb0d8-7ad1-11e8-86c9-4ceaba6bc217","354",0,0,0
"e9176b88-8bf4-11e8-ad3a-8869a7fcb7dc","354",0,0,0
"c051408a-0115-11e8-a81f-d6fd8c1371f3","354",0,0,0
"351ef64a-8a65-11e8-8ca7-8869a7fcb7dc","353",0,2,0
"efeb5276-25ec-11e8-82bd-7f6bd0dd5d77","352",0,0,0
"6c6da284-9f98-11e8-bbcf-eb1702e95e35","352",19,26,20
"679adc2a-5da0-11e8-abea-859bd8b0a68a","352",0,0,0
"a5956c8a-9ee0-11e8-ad05-a25db12b5a53","351",13,19,14
"891d4278-67d4-11e8-9a86-fb1b3249e00a","351",2,3,2
"f5df6f6a-16fa-11e8-bbab-36686c0143b9","350",0,0,0
"9258c4e2-9188-11e8-baef-fc60c095174f","349",2,2,2
"16ae9666-545f-11e8-8dcf-994db7f3f1c9","348",0,0,0
"0e3b9ca8-9ef7-11e8-9137-eb1702e95e35","348",31,33,31
"209dbbfa-90d9-11e8-ba90-2078d824af27","345",0,0,0
"d21c2dd4-00e8-11e8-9a2d-cf60b8bcf5f7","345",0,0,0
"00ebcefa-85b7-11e8-89b5-f63dca9e9af2","344",0,0,0
"7a46fef4-89b9-11e8-9f53-e0e8393def43","344",0,0,0
"6d7eb81e-9af9-11e8-88d9-f017b12b5a53","344",8,10,8
"ea50192c-9708-11e8-82a3-2078d824af27","343",0,0,0
"65ee9742-7eb9-11e8-a999-4ceaba6bc217","343",0,0,0
"5c990522-8348-11e8-9e84-f86fca9e9af2","341",0,0,0
"fd0296d2-93ff-11e8-a43c-fc60c095174f","340",4,11,4
"7990d002-9fbc-11e8-9724-a25db12b5a53","338",26,30,29
"e93648de-6ef1-11e8-990f-55cb03c1ce92","338",0,0,0
"850ce86c-0804-11e8-ba60-4194588b2a65","337",0,0,0
"e9176b88-8bf4-11e8-ad3a-8869a7fcb7dc","336",58,87,61
"d21c36b2-00e8-11e8-9a2d-cf60b8bcf5f7","335",1,2,1
"72319330-9ed3-11e8-8dc8-eb1702e95e35","335",10,12,11
"d2268e64-8a90-11e8-acec-e0e8393def43","333",0,0,0
"3bfd7946-9014-11e8-833b-2078d824af27","332",11,16,11
"6cbe6a16-3cab-11e8-9e75-2e0a7f988848","332",0,0,0
"72319330-9ed3-11e8-8dc8-eb1702e95e35","331",7,9,7
"92d45ffc-90a8-11e8-a4b3-fc60c095174f","331",0,0,0
"0c472e7e-4abc-11e8-9a1b-994db7f3f1c9","331",0,0,0
"fb4e9adc-958c-11e8-89f9-fc60c095174f","331",4,5,4
"1f70904e-9b02-11e8-bc21-f017b12b5a53","330",1,1,1
"1c419614-9fb9-11e8-b9f9-eb1702e95e35","329",6,7,6
"85c70544-9a3f-11e8-8dd7-f017b12b5a53","329",52,68,54
"09eaeda4-8352-11e8-87e6-f86fca9e9af2","329",0,0,0
"3a75ea5e-8b4b-11e8-a35c-e0e8393def43","327",0,0,0
"c97f5c78-9977-11e8-a79d-852902e95e35","326",1,2,1
"2ff21c08-916b-11e8-80ce-fc60c095174f","326",1,1,1
"b0a03aa2-8fee-11e8-b225-8869a7fcb7dc","324",0,0,0
"d256fcb6-7eb0-11e8-b2ee-22576382b57d","323",36,56,38
"f7b56108-8e75-11e8-b34d-8869a7fcb7dc","322",6,6,6
"ee7b8e70-7f7d-11e8-b6df-22576382b57d","321",0,0,0
"c429cfac-9593-11e8-863b-fc60c095174f","321",8,16,8
"351ef64a-8a65-11e8-8ca7-8869a7fcb7dc","320",0,1,0
"8453807a-93f0-11e8-b468-fc60c095174f","318",5,5,5
"3924a578-9659-11e8-ae1c-fc60c095174f","317",0,1,0
"3bfd7946-9014-11e8-833b-2078d824af27","316",12,26,12
"1a25424e-917d-11e8-9d5b-2078d824af27","316",15,16,15
"10e87e8a-94a2-11e8-ba78-2078d824af27","315",26,29,27
"fd0296d2-93ff-11e8-a43c-fc60c095174f","315",2,2,2
"83a5d660-9011-11e8-ae9b-2078d824af27","314",3,5,4
"f8f22494-91ad-11e8-ac8f-fc60c095174f","313",5,5,5
"7ac70528-73c9-11e8-924c-ab7403c1ce92","313",0,0,0
"38293cc4-90b9-11e8-9d44-fc60c095174f","313",1,2,1
"a32029c6-89a1-11e8-a1c4-5683a7fcb7dc","313",6,6,6
"1601859a-00f2-11e8-b800-a08db8bcf5f7","312",41,51,42
"45b330ee-9a18-11e8-b397-f017b12b5a53","312",2,4,2
"ebcf7910-8118-11e8-9f91-f86fca9e9af2","312",0,0,0
"209dbbfa-90d9-11e8-ba90-2078d824af27","312",2,3,3
"d138d0c6-9bf6-11e8-8f8e-eb1702e95e35","309",11,12,11
"11dd5cd2-414d-11e8-8d21-a1e87e988848","308",0,0,0
"82386dd2-9ba2-11e8-86e9-a25db12b5a53","308",8,9,8
"c429cfac-9593-11e8-863b-fc60c095174f","305",14,38,15
"70897340-89b6-11e8-88c0-8869a7fcb7dc","305",21,43,20
"6d99ea58-a125-11e8-85de-8f4a631f500f","305",11,12,11
"bdb644ea-017b-11e8-b91a-d6fd8c1371f3","304",0,0,0
"b234653a-00e9-11e8-84ee-00bd8c1371f3","304",0,0,0
"8453807a-93f0-11e8-b468-fc60c095174f","304",14,18,14
"49cf605a-7536-11e8-b268-f0a9a6a83071","302",0,0,0
"108aa054-96fe-11e8-bcbd-2078d824af27","302",14,19,15
"4104d2c2-900a-11e8-9df1-2078d824af27","300",0,0,0
"d21c37f2-00e8-11e8-9a2d-cf60b8bcf5f7","299",0,0,0
"542afc2e-8c08-11e8-bc8d-8869a7fcb7dc","299",0,0,0
"f7b56108-8e75-11e8-b34d-8869a7fcb7dc","299",0,0,0
"fcf7151c-94ce-11e8-9aff-fc60c095174f","298",4,7,4
"20ac2956-4188-11e8-a78e-52b1fee5d756","298",0,0,0
"d0540bfc-6006-11e8-81d9-859bd8b0a68a","296",0,0,0
"e28b29d6-00e8-11e8-9e1c-00bd8c1371f3","296",0,0,0
"771d0746-89c3-11e8-8249-8869a7fcb7dc","295",0,0,0
"70897340-89b6-11e8-88c0-8869a7fcb7dc","295",12,25,12
"82386dd2-9ba2-11e8-86e9-a25db12b5a53","295",10,13,12
"0814e520-9d3d-11e8-89aa-a25db12b5a53","295",17,44,18
"fb4e9adc-958c-11e8-89f9-fc60c095174f","294",21,26,22
"fd0296d2-93ff-11e8-a43c-fc60c095174f","294",0,3,1
"f0342652-96f5-11e8-83ad-2078d824af27","294",1,3,3
"1c419614-9fb9-11e8-b9f9-eb1702e95e35","293",2,3,2
"312c4ecc-8419-11e8-80ac-f86fca9e9af2","293",0,0,0
"73a73d14-8f24-11e8-8494-e0e8393def43","292",33,51,36
"c82a6ac2-791d-11e8-88fa-4ceaba6bc217","291",0,1,0
"b6f434f0-9631-11e8-8a60-fc60c095174f","290",21,29,22
"36b1feec-9ae3-11e8-8c2d-1e0e02e95e35","288",0,0,0
"3924a578-9659-11e8-ae1c-fc60c095174f","287",14,17,15
"e129338e-963f-11e8-a542-2078d824af27","287",1,1,1
"5b503910-63ea-11e8-9fac-391108143ee7","284",0,0,0
"6c6da284-9f98-11e8-bbcf-eb1702e95e35","284",7,13,7
"907ae110-96eb-11e8-96a7-fc60c095174f","283",1,1,1
"85c70544-9a3f-11e8-8dd7-f017b12b5a53","283",47,63,48
"f58cd24e-4eb5-11e8-bbee-994db7f3f1c9","282",0,0,0
"421f65a6-93f6-11e8-925d-fc60c095174f","282",7,8,8
"ef7dc9ba-9002-11e8-9d32-fc60c095174f","282",0,0,0
"f462cb8c-957b-11e8-b8cb-fc60c095174f","281",5,9,5
"1a25424e-917d-11e8-9d5b-2078d824af27","281",4,4,4
"108aa054-96fe-11e8-bcbd-2078d824af27","280",4,4,4
"5e0be696-7f69-11e8-b9d8-22576382b57d","279",0,0,0
"1601859a-00f2-11e8-b800-a08db8bcf5f7","278",45,58,46
"138ad2d4-9559-11e8-993b-2078d824af27","277",2,3,2
"77d7caa0-5a92-11e8-8521-be327c3166de","277",0,0,0
"2b64ff86-85d4-11e8-aa0f-5683a7fcb7dc","276",0,0,0
"e53a6e88-90a5-11e8-a466-2078d824af27","275",28,33,29
