"docUuid","visitors","MAX(shareTotal)","visits_social","social_R","social_V","social_S3"
"d138d0c6-9bf6-11e8-8f8e-eb1702e95e35","525792",3972,"2782","807","1019","825"
"99301356-9953-11e8-8039-2078d824af27","255872",34,"4","2","2","2"
"e028d788-a1f1-11e8-9f37-8f4a631f500f","250861",60,"77","20","30","21"
"c83591a6-a05d-11e8-af80-8f4a631f500f","241965",24,"36","10","12","10"
"3446b5f6-956d-11e8-a183-fc60c095174f","219731",41,"12","6","7","7"
"ae8e992c-a08b-11e8-9082-41d95f45639c","210891",27,"7","1","3","2"
"6c6da284-9f98-11e8-bbcf-eb1702e95e35","199090",50,"15","2","10","3"
"3446b5f6-956d-11e8-a183-fc60c095174f","189875",73,"21","11","11","11"
"3d66192a-9490-11e8-9907-2078d824af27","189041",69,"55","12","20","13"
"6d7eb81e-9af9-11e8-88d9-f017b12b5a53","166532",48,"21","10","12","11"
"e028d788-a1f1-11e8-9f37-8f4a631f500f","157542",106,"54","9","17","9"
"99301356-9953-11e8-8039-2078d824af27","149778",52,"8","3","4","3"
"fa18e6d4-9bb5-11e8-a60f-eb1702e95e35","145605",41,"24","2","13","8"
"6d7eb81e-9af9-11e8-88d9-f017b12b5a53","145078",19,"11","5","6","5"
"b769cd20-a2b4-11e8-9c73-8f4a631f500f","142381",113,"53","10","21","12"
"85c70544-9a3f-11e8-8dd7-f017b12b5a53","140785",41,"38","5","11","5"
"ae91f93c-964f-11e8-aa2d-2078d824af27","140762",177,"61","14","22","14"
"69f972a4-a168-11e8-9077-41d95f45639c","140137",169,"65","20","27","19"
"c83591a6-a05d-11e8-af80-8f4a631f500f","133677",30,"15","7","8","7"
"1a789cb2-9b07-11e8-b29c-f017b12b5a53","132697",105,"59","23","32","27"
"e028d788-a1f1-11e8-9f37-8f4a631f500f","132626",121,"47","16","20","17"
"94bc8c7e-9c8b-11e8-a40e-a25db12b5a53","130294",53,"22","9","13","10"
"72319330-9ed3-11e8-8dc8-eb1702e95e35","126450",15,"8","1","3","1"
"d138d0c6-9bf6-11e8-8f8e-eb1702e95e35","124521",903,"982","202","241","208"
"e028d788-a1f1-11e8-9f37-8f4a631f500f","123246",157,"40","15","24","15"
"50d199a0-a460-11e8-98a1-41d95f45639c","111587",41,"8","3","4","3"
"510a1d42-9c87-11e8-9dc5-a25db12b5a53","110608",74,"64","14","16","14"
"10e87e8a-94a2-11e8-ba78-2078d824af27","107892",32,"31","4","7","4"
"94bc8c7e-9c8b-11e8-a40e-a25db12b5a53","107292",65,"4","2","2","2"
"0e3b9ca8-9ef7-11e8-9137-eb1702e95e35","104997",112,"99","37","44","38"
"510a1d42-9c87-11e8-9dc5-a25db12b5a53","104320",147,"59","23","24","24"
"510a1d42-9c87-11e8-9dc5-a25db12b5a53","103656",42,"43","14","18","14"
"c429cfac-9593-11e8-863b-fc60c095174f","101747",13,"6","2","3","2"
"3a0c5bde-a52c-11e8-bd20-41d95f45639c","99190",26,"37","7","18","7"
"ae91f93c-964f-11e8-aa2d-2078d824af27","97951",82,"58","21","33","21"
"0e3b9ca8-9ef7-11e8-9137-eb1702e95e35","94193",56,"40","15","21","17"
"94bc8c7e-9c8b-11e8-a40e-a25db12b5a53","93839",59,"11","4","7","4"
"50d199a0-a460-11e8-98a1-41d95f45639c","93171",30,"13","5","5","5"
"335b20e6-9f90-11e8-80d1-eb1702e95e35","90978",37,"22","10","11","11"
"94bc8c7e-9c8b-11e8-a40e-a25db12b5a53","90533",33,"5","2","3","2"
"6c6da284-9f98-11e8-bbcf-eb1702e95e35","90366",78,"14","6","10","6"
"ae8e992c-a08b-11e8-9082-41d95f45639c","88713",14,"5","3","4","3"
"9a432d1c-9fa9-11e8-b1b7-a25db12b5a53","82953",32,"11","1","3","2"
"510a1d42-9c87-11e8-9dc5-a25db12b5a53","80775",126,"83","29","30","29"
"163999e2-9af0-11e8-87aa-1e0e02e95e35","78575",17,"19","6","8","6"
"bc306efe-a44e-11e8-b3aa-41d95f45639c","77329",24,"7","4","6","4"
"2104c2e2-9eca-11e8-ba53-eb1702e95e35","73571",5,"5","2","4","2"
"c8ba8210-94b1-11e8-ac97-2078d824af27","72397",16,"21","8","10","8"
"f0342652-96f5-11e8-83ad-2078d824af27","72030",14,"873","499","852","532"
"0814e520-9d3d-11e8-89aa-a25db12b5a53","69936",55,"32","5","8","5"
"9a432d1c-9fa9-11e8-b1b7-a25db12b5a53","69464",50,"4","1","2","1"
"5465e68c-9968-11e8-b9c7-852902e95e35","68366",24,"12","3","5","3"
"85c70544-9a3f-11e8-8dd7-f017b12b5a53","68205",24,"26","8","11","8"
"fe3217ec-9a0f-11e8-b345-107bb12b5a53","66881",23,"72","38","52","38"
"72319330-9ed3-11e8-8dc8-eb1702e95e35","62337",25,"3","1","1","1"
"6d99ea58-a125-11e8-85de-8f4a631f500f","62023",33,"13","5","8","6"
"163999e2-9af0-11e8-87aa-1e0e02e95e35","58752",24,"680","373","670","383"
"7990d002-9fbc-11e8-9724-a25db12b5a53","57933",66,"76","26","35","28"
"5465e68c-9968-11e8-b9c7-852902e95e35","57259",16,"15","9","11","9"
"2638cfae-9c74-11e8-96ad-a25db12b5a53","56406",7,"6","3","3","3"
"4f70ab5a-9a33-11e8-a608-f017b12b5a53","54632",19,"28","9","16","10"
"fa18e6d4-9bb5-11e8-a60f-eb1702e95e35","54554",62,"20","1","11","6"
"0814e520-9d3d-11e8-89aa-a25db12b5a53","54475",38,"30","8","12","6"
"69f972a4-a168-11e8-9077-41d95f45639c","54356",69,"18","6","8","6"
"335b20e6-9f90-11e8-80d1-eb1702e95e35","53449",48,"10","4","8","6"
"fcf7151c-94ce-11e8-9aff-fc60c095174f","52964",26,"28","3","5","3"
"1a789cb2-9b07-11e8-b29c-f017b12b5a53","52049",29,"19","10","11","10"
"907ae110-96eb-11e8-96a7-fc60c095174f","49797",8,"25","6","8","7"
"fb4e9adc-958c-11e8-89f9-fc60c095174f","48947",8,"21","7","9","7"
"4f70ab5a-9a33-11e8-a608-f017b12b5a53","48629",11,"30","8","13","8"
"a5956c8a-9ee0-11e8-ad05-a25db12b5a53","48061",5,"0","0","0","0"
"bce1283c-a1fd-11e8-897e-41d95f45639c","47434",8,"19","8","10","9"
"4b3cddae-9a2b-11e8-a40c-1e0e02e95e35","46664",14,"14","4","4","4"
"a5dc0066-a154-11e8-84d8-8f4a631f500f","46016",22,"13","7","7","7"
"0814e520-9d3d-11e8-89aa-a25db12b5a53","43536",16,"9","2","3","2"
"21b31f3a-a12d-11e8-be1d-41d95f45639c","43113",14,"26","8","10","10"
"a5956c8a-9ee0-11e8-ad05-a25db12b5a53","41791",9,"3","1","1","1"
"421f65a6-93f6-11e8-925d-fc60c095174f","41540",695,"206","72","96","78"
"c5eb79ce-a085-11e8-a080-41d95f45639c","40926",20,"38","11","17","14"
"f4d79d92-a519-11e8-a628-8f4a631f500f","40477",14,"951","469","943","496"
"7dedba16-9bd4-11e8-b6f7-a25db12b5a53","40144",35,"38","8","11","8"
"4b3cddae-9a2b-11e8-a40c-1e0e02e95e35","40128",13,"33","10","12","10"
"9812c736-a211-11e8-9004-8f4a631f500f","39580",28,"44","10","16","10"
"96de7c24-00eb-11e8-8743-a08db8bcf5f7","38970",16,"9","1","3","1"
"d138d0c6-9bf6-11e8-8f8e-eb1702e95e35","38709",6218,"339","114","140","116"
"78c3ab34-a487-11e8-9645-8f4a631f500f","38477",13,"19","1","6","1"
"bc306efe-a44e-11e8-b3aa-41d95f45639c","36515",26,"6","2","4","2"
"c8ba8210-94b1-11e8-ac97-2078d824af27","35983",17,"10","1","3","1"
"10e87e8a-94a2-11e8-ba78-2078d824af27","34949",43,"6","3","3","3"
"96de7c24-00eb-11e8-8743-a08db8bcf5f7","34791",12,"10","1","1","1"
"82386dd2-9ba2-11e8-86e9-a25db12b5a53","34711",7,"25","10","13","11"
"21b31f3a-a12d-11e8-be1d-41d95f45639c","34612",14,"7","3","3","3"
"d138d0c6-9bf6-11e8-8f8e-eb1702e95e35","33851",5009,"1009","288","375","298"
"2638cfae-9c74-11e8-96ad-a25db12b5a53","33128",10,"2","2","2","2"
"c97f5c78-9977-11e8-a79d-852902e95e35","32393",10,"24","2","3","2"
"c429cfac-9593-11e8-863b-fc60c095174f","31775",3,"1","0","0","0"
"510a1d42-9c87-11e8-9dc5-a25db12b5a53","31684",168,"24","7","7","7"
"d138d0c6-9bf6-11e8-8f8e-eb1702e95e35","30401",5643,"607","195","254","200"
"c43b5286-a146-11e8-bf2c-8f4a631f500f","30284",7,"10","1","7","7"
"45b330ee-9a18-11e8-b397-f017b12b5a53","29859",7,"15","5","6","6"
"a1ef9464-9a46-11e8-8b2a-1e0e02e95e35","29700",6,"29","12","12","12"
"c429cfac-9593-11e8-863b-fc60c095174f","29673",15,"1","1","1","1"
"9812c736-a211-11e8-9004-8f4a631f500f","28920",35,"18","0","0","0"
"ae8e992c-a08b-11e8-9082-41d95f45639c","28678",29,"1","0","0","0"
"9812c736-a211-11e8-9004-8f4a631f500f","28669",39,"3","1","1","1"
"2638cfae-9c74-11e8-96ad-a25db12b5a53","27972",8,"4","2","2","2"
"3924a578-9659-11e8-ae1c-fc60c095174f","27955",10,"7","2","2","2"
"108aa054-96fe-11e8-bcbd-2078d824af27","27352",5,"4","1","2","1"
"6d7eb81e-9af9-11e8-88d9-f017b12b5a53","27350",49,"3","0","0","0"
"3d66192a-9490-11e8-9907-2078d824af27","27337",83,"10","5","5","5"
"c83591a6-a05d-11e8-af80-8f4a631f500f","27335",34,"12","2","2","2"
"ed3a207c-a457-11e8-8f32-8f4a631f500f","27188",4,"39","15","16","15"
"907ae110-96eb-11e8-96a7-fc60c095174f","25803",9,"3","0","0","0"
"5465e68c-9968-11e8-b9c7-852902e95e35","25777",26,"2","0","1","0"
"85c70544-9a3f-11e8-8dd7-f017b12b5a53","25667",43,"7","1","4","1"
"c5eb79ce-a085-11e8-a080-41d95f45639c","25557",15,"6","3","4","3"
"9812c736-a211-11e8-9004-8f4a631f500f","25306",37,"3","0","0","0"
"138ad2d4-9559-11e8-993b-2078d824af27","25177",4,"14","3","4","3"
"c43b5286-a146-11e8-bf2c-8f4a631f500f","25175",6,"26","2","6","5"
"a5dc0066-a154-11e8-84d8-8f4a631f500f","25132",15,"23","5","10","10"
"9a432d1c-9fa9-11e8-b1b7-a25db12b5a53","24564",51,"4","1","2","1"
"f0342652-96f5-11e8-83ad-2078d824af27","24515",15,"11","1","5","2"
"7990d002-9fbc-11e8-9724-a25db12b5a53","24502",47,"15","4","8","4"
"1a789cb2-9b07-11e8-b29c-f017b12b5a53","24234",103,"20","5","7","5"
"6586e2d8-a14f-11e8-afd8-8f4a631f500f","24221",3,"18","3","9","3"
"5ee74e7c-9ef2-11e8-9047-eb1702e95e35","23937",69,"44","12","17","12"
"82386dd2-9ba2-11e8-86e9-a25db12b5a53","23927",12,"4","3","3","3"
"6d99ea58-a125-11e8-85de-8f4a631f500f","23703",43,"2","0","0","0"
"2104c2e2-9eca-11e8-ba53-eb1702e95e35","23522",6,"1","1","1","1"
"1c419614-9fb9-11e8-b9f9-eb1702e95e35","23370",35,"5","2","3","2"
"510a1d42-9c87-11e8-9dc5-a25db12b5a53","23051",164,"13","1","1","1"
"510a1d42-9c87-11e8-9dc5-a25db12b5a53","22662",153,"12","5","5","5"
"fcf7151c-94ce-11e8-9aff-fc60c095174f","22363",27,"15","4","6","4"
"2638cfae-9c74-11e8-96ad-a25db12b5a53","22309",9,"4","1","1","1"
"feb5a38e-a47b-11e8-b5e0-41d95f45639c","22012",4,"4","0","0","0"
"907ae110-96eb-11e8-96a7-fc60c095174f","21791",8,"5","2","2","2"
"bb79e6b0-9fb3-11e8-bef0-eb1702e95e35","21776",15,"8","3","3","3"
"1c419614-9fb9-11e8-b9f9-eb1702e95e35","21594",17,"10","7","6","7"
"bce1283c-a1fd-11e8-897e-41d95f45639c","21371",15,"1","0","0","0"
"7dedba16-9bd4-11e8-b6f7-a25db12b5a53","21367",23,"11","5","6","5"
"b769cd20-a2b4-11e8-9c73-8f4a631f500f","21336",71,"69","7","10","7"
"45b330ee-9a18-11e8-b397-f017b12b5a53","20922",10,"8","1","2","2"
"3446b5f6-956d-11e8-a183-fc60c095174f","20677",85,"12","6","7","6"
"fb4e9adc-958c-11e8-89f9-fc60c095174f","20260",8,"4","1","1","1"
"c97f5c78-9977-11e8-a79d-852902e95e35","20032",3,"0","0","0","0"
"78c3ab34-a487-11e8-9645-8f4a631f500f","19143",5,"3","0","0","0"
"b769cd20-a2b4-11e8-9c73-8f4a631f500f","18968",117,"11","4","6","4"
"456b68e4-9ca8-11e8-884c-eb1702e95e35","18644",3,"1","0","0","0"
"f0342652-96f5-11e8-83ad-2078d824af27","18320",16,"13","0","9","1"
"b769cd20-a2b4-11e8-9c73-8f4a631f500f","18049",22,"28","2","6","2"
"5e3eb89a-a472-11e8-bd25-41d95f45639c","17876",5,"10","4","4","4"
"108aa054-96fe-11e8-bcbd-2078d824af27","17840",6,"1","1","1","1"
"907ae110-96eb-11e8-96a7-fc60c095174f","17758",8,"7","2","3","2"
"fd0296d2-93ff-11e8-a43c-fc60c095174f","17738",45,"25","7","14","7"
"c8ba8210-94b1-11e8-ac97-2078d824af27","17685",19,"7","2","5","2"
"b6f434f0-9631-11e8-8a60-fc60c095174f","17364",12,"9","2","3","2"
"456b68e4-9ca8-11e8-884c-eb1702e95e35","17300",2,"0","0","0","0"
"f0342652-96f5-11e8-83ad-2078d824af27","17093",16,"13","1","12","1"
"99301356-9953-11e8-8039-2078d824af27","16846",52,"0","0","0","0"
"6586e2d8-a14f-11e8-afd8-8f4a631f500f","16825",1,"4","2","2","2"
"0814e520-9d3d-11e8-89aa-a25db12b5a53","16823",56,"21","5","7","5"
"f462cb8c-957b-11e8-b8cb-fc60c095174f","16582",6,"0","0","0","0"
"7990d002-9fbc-11e8-9724-a25db12b5a53","16546",74,"31","8","12","8"
"fe3217ec-9a0f-11e8-b345-107bb12b5a53","16517",27,"11","7","8","7"
"138ad2d4-9559-11e8-993b-2078d824af27","16389",8,"4","1","1","1"
"fa18e6d4-9bb5-11e8-a60f-eb1702e95e35","16343",63,"4","0","0","0"
"fb4e9adc-958c-11e8-89f9-fc60c095174f","16336",3,"15","1","2","1"
"108aa054-96fe-11e8-bcbd-2078d824af27","16322",5,"0","0","0","0"
"36b1feec-9ae3-11e8-8c2d-1e0e02e95e35","16202",2,"15","5","10","7"
"bce78bf8-a510-11e8-823f-8f4a631f500f","16119",6,"16","4","6","4"
"adcf3b3c-9ef0-11e8-a762-a25db12b5a53","16023",2,"0","0","0","0"
"ae91f93c-964f-11e8-aa2d-2078d824af27","15943",193,"23","5","11","5"
"f5fd35d8-a546-11e8-aa27-8f4a631f500f","15707",4,"0","0","0","0"
"ed3a207c-a457-11e8-8f32-8f4a631f500f","15620",6,"16","5","5","5"
"07b77414-9f98-11e8-b572-eb1702e95e35","15521",20,"5","0","0","0"
"e9383386-995f-11e8-a4ed-852902e95e35","15517",2,"2","0","1","0"
"1f70904e-9b02-11e8-bc21-f017b12b5a53","15469",2,"1","1","1","1"
"a5dc0066-a154-11e8-84d8-8f4a631f500f","15155",24,"5","2","3","3"
"ae91f93c-964f-11e8-aa2d-2078d824af27","15148",184,"29","7","11","7"
"c5eb79ce-a085-11e8-a080-41d95f45639c","15126",19,"14","4","5","4"
"b6f434f0-9631-11e8-8a60-fc60c095174f","15109",3,"15","5","6","5"
"3924a578-9659-11e8-ae1c-fc60c095174f","14908",4,"21","4","6","4"
"bce1283c-a1fd-11e8-897e-41d95f45639c","14768",9,"5","1","1","1"
"e028d788-a1f1-11e8-9f37-8f4a631f500f","14689",159,"9","1","2","1"
"fa18e6d4-9bb5-11e8-a60f-eb1702e95e35","14645",64,"1","0","0","0"
"1f0b2036-a22f-11e8-9d4d-8f4a631f500f","14585",12,"13","8","8","8"
"fa18e6d4-9bb5-11e8-a60f-eb1702e95e35","14492",64,"4","0","1","0"
"69f972a4-a168-11e8-9077-41d95f45639c","14266",214,"3","0","0","0"
"ae91f93c-964f-11e8-aa2d-2078d824af27","14056",221,"7","5","6","5"
"e129338e-963f-11e8-a542-2078d824af27","14050",40,"13","8","8","8"
"5e3eb89a-a472-11e8-bd25-41d95f45639c","14045",2,"22","9","10","9"
"ea50192c-9708-11e8-82a3-2078d824af27","14018",5,"2","2","2","2"
"4f70ab5a-9a33-11e8-a608-f017b12b5a53","14011",19,"6","4","4","4"
"bb79e6b0-9fb3-11e8-bef0-eb1702e95e35","13961",6,"7","2","2","2"
"4b3cddae-9a2b-11e8-a40c-1e0e02e95e35","13925",15,"5","2","2","2"
"5ee74e7c-9ef2-11e8-9047-eb1702e95e35","13557",29,"9","1","3","2"
"9da0e2ba-a526-11e8-9b22-8f4a631f500f","13500",2,"5","3","3","3"
"a5dc0066-a154-11e8-84d8-8f4a631f500f","13494",28,"0","0","0","0"
"0e3b9ca8-9ef7-11e8-9137-eb1702e95e35","12898",121,"20","3","5","3"
"96de7c24-00eb-11e8-8743-a08db8bcf5f7","12829",17,"1","1","1","1"
"421f65a6-93f6-11e8-925d-fc60c095174f","12784",768,"78","24","35","27"
"adcf3b3c-9ef0-11e8-a762-a25db12b5a53","12761",1,"1","0","0","0"
"a1ef9464-9a46-11e8-8b2a-1e0e02e95e35","12746",0,"1","1","1","1"
"d89a2080-994f-11e8-b4bc-2078d824af27","12644",7,"14","6","8","6"
"07b77414-9f98-11e8-b572-eb1702e95e35","12405",23,"2","0","0","0"
"e129338e-963f-11e8-a542-2078d824af27","12403",18,"22","9","10","10"
"1c3a3da4-a06a-11e8-815c-41d95f45639c","12313",20,"8","1","4","4"
"aa8477c6-a224-11e8-b201-41d95f45639c","12297",7,"1","0","0","0"
"a1ef9464-9a46-11e8-8b2a-1e0e02e95e35","12276",6,"7","1","1","1"
"36b1feec-9ae3-11e8-8c2d-1e0e02e95e35","12269",6,"10","2","4","3"
"69f972a4-a168-11e8-9077-41d95f45639c","12116",165,"12","1","1","1"
"8453807a-93f0-11e8-b468-fc60c095174f","12088",26,"8","1","2","1"
"a5dc0066-a154-11e8-84d8-8f4a631f500f","12031",26,"6","4","4","4"
"ea50192c-9708-11e8-82a3-2078d824af27","12005",3,"4","0","1","0"
"f462cb8c-957b-11e8-b8cb-fc60c095174f","11985",2,"3","0","0","0"
"163999e2-9af0-11e8-87aa-1e0e02e95e35","11944",27,"186","107","184","111"
"4bbe6494-a536-11e8-adae-8f4a631f500f","11792",3,"19","5","5","5"
"b9a82542-971e-11e8-815e-fc60c095174f","11731",8,"10","2","4","2"
"510a1d42-9c87-11e8-9dc5-a25db12b5a53","11699",187,"10","4","4","4"
"7b2172f8-745d-11e8-a55f-ab7403c1ce92","11547",60,"2","0","0","0"
"456b68e4-9ca8-11e8-884c-eb1702e95e35","11516",3,"0","0","0","0"
"ea50192c-9708-11e8-82a3-2078d824af27","11212",5,"2","2","2","2"
"feb5a38e-a47b-11e8-b5e0-41d95f45639c","11055",1,"13","2","3","3"
"88906ed2-a53e-11e8-aed1-8f4a631f500f","10808",1,"14","2","3","3"
"c97f5c78-9977-11e8-a79d-852902e95e35","10661",9,"4","0","2","0"
"1f0b2036-a22f-11e8-9d4d-8f4a631f500f","10628",10,"17","5","6","5"
"bce1283c-a1fd-11e8-897e-41d95f45639c","10536",12,"5","0","2","0"
"e9383386-995f-11e8-a4ed-852902e95e35","10528",2,"0","0","0","0"
"fa5e724a-9baa-11e8-856a-eb1702e95e35","10471",0,"6","2","2","2"
"69f972a4-a168-11e8-9077-41d95f45639c","10396",181,"14","3","5","3"
"42321806-94b7-11e8-9e55-fc60c095174f","10305",10,"6","1","2","1"
"5ee74e7c-9ef2-11e8-9047-eb1702e95e35","10143",73,"70","27","31","27"
"108aa054-96fe-11e8-bcbd-2078d824af27","10132",6,"0","0","0","0"
"335b20e6-9f90-11e8-80d1-eb1702e95e35","9756",53,"9","3","7","3"
"b9a82542-971e-11e8-815e-fc60c095174f","9598",4,"2","0","0","0"
"3bfd7946-9014-11e8-833b-2078d824af27","9567",78,"6","2","2","2"
"ea50192c-9708-11e8-82a3-2078d824af27","9557",5,"1","0","0","0"
"ae8e992c-a08b-11e8-9082-41d95f45639c","9528",32,"0","0","0","0"
"7b2172f8-745d-11e8-a55f-ab7403c1ce92","9439",60,"2","1","1","1"
"6c6da284-9f98-11e8-bbcf-eb1702e95e35","9408",81,"11","1","4","1"
"ae8e992c-a08b-11e8-9082-41d95f45639c","9396",30,"1","1","1","1"
"0a0d12a0-9c78-11e8-acfb-eb1702e95e35","9352",2,"2","1","1","1"
"456b68e4-9ca8-11e8-884c-eb1702e95e35","9297",1,"0","0","0","0"
"a5956c8a-9ee0-11e8-ad05-a25db12b5a53","9248",9,"1","1","1","1"
"d89a2080-994f-11e8-b4bc-2078d824af27","9222",7,"8","2","3","2"
"3924a578-9659-11e8-ae1c-fc60c095174f","9038",11,"6","2","4","2"
"1f70904e-9b02-11e8-bc21-f017b12b5a53","8988",1,"3","1","1","1"
"85c70544-9a3f-11e8-8dd7-f017b12b5a53","8801",44,"3","1","1","1"
"21b31f3a-a12d-11e8-be1d-41d95f45639c","8745",14,"2","1","1","1"
"94bc8c7e-9c8b-11e8-a40e-a25db12b5a53","8602",78,"2","2","2","2"
"a834ff8a-93d9-11e8-ae17-2078d824af27","8374",15,"0","0","0","0"
"9f71df54-a215-11e8-92a5-8f4a631f500f","8325",12,"18","3","7","3"
"3bfd7946-9014-11e8-833b-2078d824af27","8297",62,"9","2","3","1"
"1f0b2036-a22f-11e8-9d4d-8f4a631f500f","8207",10,"15","3","3","3"
"1c419614-9fb9-11e8-b9f9-eb1702e95e35","8199",38,"1","1","1","1"
"1bca607c-6b24-11e8-b44b-8ed2e26c6167","8189",1514,"10","2","2","2"
"ae8e992c-a08b-11e8-9082-41d95f45639c","8170",36,"3","0","0","0"
"3bfd7946-9014-11e8-833b-2078d824af27","8163",92,"0","0","0","0"
"fa5e724a-9baa-11e8-856a-eb1702e95e35","8100",3,"1","0","0","0"
"3924a578-9659-11e8-ae1c-fc60c095174f","7969",11,"3","0","0","0"
"5465e68c-9968-11e8-b9c7-852902e95e35","7756",27,"2","2","2","2"
"f7b56108-8e75-11e8-b34d-8869a7fcb7dc","7755",34,"1","0","0","0"
"aa8477c6-a224-11e8-b201-41d95f45639c","7746",3,"1","0","0","0"
"82386dd2-9ba2-11e8-86e9-a25db12b5a53","7676",18,"4","0","0","0"
"1c3a3da4-a06a-11e8-815c-41d95f45639c","7675",33,"6","1","2","2"
"6d7eb81e-9af9-11e8-88d9-f017b12b5a53","7665",51,"3","0","0","0"
"3bfd7946-9014-11e8-833b-2078d824af27","7642",90,"7","2","2","1"
"c43b5286-a146-11e8-bf2c-8f4a631f500f","7563",9,"5","1","1","1"
"3d66192a-9490-11e8-9907-2078d824af27","7482",96,"4","4","4","4"
"c83591a6-a05d-11e8-af80-8f4a631f500f","7469",34,"4","1","1","1"
"45b330ee-9a18-11e8-b397-f017b12b5a53","7432",11,"5","3","3","3"
"1f70904e-9b02-11e8-bc21-f017b12b5a53","7429",3,"1","0","0","0"
"421f65a6-93f6-11e8-925d-fc60c095174f","7380",860,"37","8","15","10"
"3446b5f6-956d-11e8-a183-fc60c095174f","7224",86,"1","0","1","0"
"2638cfae-9c74-11e8-96ad-a25db12b5a53","7179",11,"0","0","0","0"
"d138d0c6-9bf6-11e8-8f8e-eb1702e95e35","7128",6496,"182","54","73","56"
"1a789cb2-9b07-11e8-b29c-f017b12b5a53","7038",122,"10","0","6","2"
"3924a578-9659-11e8-ae1c-fc60c095174f","6890",11,"5","0","1","0"
"9f71df54-a215-11e8-92a5-8f4a631f500f","6761",6,"22","5","5","5"
"f462cb8c-957b-11e8-b8cb-fc60c095174f","6732",6,"1","1","1","1"
"ab6ccd1a-5fed-11e8-b53b-be327c3166de","6598",70,"5","0","0","0"
"7dedba16-9bd4-11e8-b6f7-a25db12b5a53","6554",50,"32","8","14","9"
"bb79e6b0-9fb3-11e8-bef0-eb1702e95e35","6486",15,"1","1","1","1"
"9f71df54-a215-11e8-92a5-8f4a631f500f","6436",2,"19","4","4","4"
"21b31f3a-a12d-11e8-be1d-41d95f45639c","6409",14,"2","0","0","0"
"9a432d1c-9fa9-11e8-b1b7-a25db12b5a53","6408",51,"0","0","0","0"
"10e87e8a-94a2-11e8-ba78-2078d824af27","6365",48,"3","1","2","2"
"6d7eb81e-9af9-11e8-88d9-f017b12b5a53","6325",40,"1","0","0","0"
"b9a82542-971e-11e8-815e-fc60c095174f","6280",1,"4","0","0","0"
"adcf3b3c-9ef0-11e8-a762-a25db12b5a53","6259",2,"0","0","0","0"
"b9a82542-971e-11e8-815e-fc60c095174f","6247",5,"2","1","1","1"
"639f36c2-00ec-11e8-86c6-d6fd8c1371f3","6247",19,"0","0","0","0"
"c83591a6-a05d-11e8-af80-8f4a631f500f","6229",38,"2","1","1","1"
"6d99ea58-a125-11e8-85de-8f4a631f500f","6197",43,"3","3","3","3"
"72319330-9ed3-11e8-8dc8-eb1702e95e35","6180",25,"2","1","1","1"
"aa8477c6-a224-11e8-b201-41d95f45639c","6065",5,"0","0","0","0"
"1f0b2036-a22f-11e8-9d4d-8f4a631f500f","6055",6,"9","3","3","3"
"3446b5f6-956d-11e8-a183-fc60c095174f","5883",77,"1","1","1","1"
"8f90dcb2-79fb-11e8-b362-4ceaba6bc217","5830",91,"1","1","1","1"
"142ff8ac-a55f-11e8-8c59-8f4a631f500f","5776",0,"0","0","0","0"
"6d99ea58-a125-11e8-85de-8f4a631f500f","5696",45,"4","1","3","1"
"c429cfac-9593-11e8-863b-fc60c095174f","5660",14,"1","0","0","0"
"2104c2e2-9eca-11e8-ba53-eb1702e95e35","5626",6,"2","1","2","1"
"f0342652-96f5-11e8-83ad-2078d824af27","5612",16,"11","1","9","1"
"1a789cb2-9b07-11e8-b29c-f017b12b5a53","5593",131,"5","3","3","3"
"fd0296d2-93ff-11e8-a43c-fc60c095174f","5574",49,"12","4","4","4"
"6586e2d8-a14f-11e8-afd8-8f4a631f500f","5525",3,"1","0","0","0"
"1a789cb2-9b07-11e8-b29c-f017b12b5a53","5520",126,"11","5","5","5"
"9f71df54-a215-11e8-92a5-8f4a631f500f","5440",10,"10","1","4","2"
"108aa054-96fe-11e8-bcbd-2078d824af27","5404",6,"0","0","0","0"
"6586e2d8-a14f-11e8-afd8-8f4a631f500f","5397",3,"18","7","9","8"
"c429cfac-9593-11e8-863b-fc60c095174f","5372",18,"0","0","0","0"
"c43b5286-a146-11e8-bf2c-8f4a631f500f","5363",9,"3","0","1","1"
"891d4278-67d4-11e8-9a86-fb1b3249e00a","5359",71,"0","0","0","0"
"0a0d12a0-9c78-11e8-acfb-eb1702e95e35","5343",2,"0","0","0","0"
"b9a82542-971e-11e8-815e-fc60c095174f","5342",12,"6","2","2","2"
"aa8477c6-a224-11e8-b201-41d95f45639c","5335",2,"1","1","1","1"
"c43b5286-a146-11e8-bf2c-8f4a631f500f","5268",9,"1","0","0","0"
"138ad2d4-9559-11e8-993b-2078d824af27","5167",8,"2","1","1","1"
"0a0d12a0-9c78-11e8-acfb-eb1702e95e35","5007",2,"1","0","0","0"
"36b1feec-9ae3-11e8-8c2d-1e0e02e95e35","4952",6,"6","2","2","2"
"6d7eb81e-9af9-11e8-88d9-f017b12b5a53","4938",53,"3","2","2","2"
"4b3cddae-9a2b-11e8-a40c-1e0e02e95e35","4916",15,"5","1","2","2"
"5465e68c-9968-11e8-b9c7-852902e95e35","4842",37,"0","0","0","0"
"fe3217ec-9a0f-11e8-b345-107bb12b5a53","4822",27,"1","0","0","0"
"7dedba16-9bd4-11e8-b6f7-a25db12b5a53","4792",54,"4","1","2","1"
"c429cfac-9593-11e8-863b-fc60c095174f","4786",19,"0","0","0","0"
"c83591a6-a05d-11e8-af80-8f4a631f500f","4782",38,"2","1","1","1"
"82386dd2-9ba2-11e8-86e9-a25db12b5a53","4756",12,"3","2","2","2"
"9812c736-a211-11e8-9004-8f4a631f500f","4750",39,"0","0","0","0"
"e129338e-963f-11e8-a542-2078d824af27","4645",60,"15","2","3","3"
"82386dd2-9ba2-11e8-86e9-a25db12b5a53","4625",19,"4","1","2","2"
"7dedba16-9bd4-11e8-b6f7-a25db12b5a53","4611",52,"8","1","2","1"
"5465e68c-9968-11e8-b9c7-852902e95e35","4600",29,"1","0","0","0"
"456b68e4-9ca8-11e8-884c-eb1702e95e35","4579",3,"0","0","0","0"
"b6f434f0-9631-11e8-8a60-fc60c095174f","4523",12,"3","1","2","1"
"0814e520-9d3d-11e8-89aa-a25db12b5a53","4344",57,"4","2","3","2"
"ab6ccd1a-5fed-11e8-b53b-be327c3166de","4329",78,"0","0","0","0"
"21b31f3a-a12d-11e8-be1d-41d95f45639c","4323",14,"1","0","0","0"
"cf8d0e1c-9639-11e8-936f-2078d824af27","4280",4,"0","0","0","0"
"e9383386-995f-11e8-a4ed-852902e95e35","4276",2,"1","0","0","0"
"bce1283c-a1fd-11e8-897e-41d95f45639c","4265",16,"2","1","2","1"
"10e87e8a-94a2-11e8-ba78-2078d824af27","4224",49,"2","0","0","0"
"42321806-94b7-11e8-9e55-fc60c095174f","4223",12,"5","1","2","1"
"3446b5f6-956d-11e8-a183-fc60c095174f","4101",89,"1","0","0","0"
"ea50192c-9708-11e8-82a3-2078d824af27","4046",7,"1","1","1","1"
"0a0d12a0-9c78-11e8-acfb-eb1702e95e35","3981",2,"0","0","0","0"
"ab6ccd1a-5fed-11e8-b53b-be327c3166de","3980",61,"3","1","2","1"
"907ae110-96eb-11e8-96a7-fc60c095174f","3976",12,"2","0","1","0"
"639f36c2-00ec-11e8-86c6-d6fd8c1371f3","3951",19,"0","0","0","0"
"fa18e6d4-9bb5-11e8-a60f-eb1702e95e35","3863",65,"0","0","0","0"
"ab6ccd1a-5fed-11e8-b53b-be327c3166de","3810",61,"1","0","0","0"
"6d99ea58-a125-11e8-85de-8f4a631f500f","3787",46,"1","0","1","0"
"3d66192a-9490-11e8-9907-2078d824af27","3749",107,"3","3","3","3"
"cf8d0e1c-9639-11e8-936f-2078d824af27","3724",2,"0","0","0","0"
"e129338e-963f-11e8-a542-2078d824af27","3704",104,"7","4","5","5"
"d138d0c6-9bf6-11e8-8f8e-eb1702e95e35","3696",6667,"117","37","52","38"
"0e3b9ca8-9ef7-11e8-9137-eb1702e95e35","3680",121,"7","4","6","4"
"459e47c8-89b1-11e8-a236-8869a7fcb7dc","3590",34,"0","0","0","0"
"fe061f3a-06a2-11e8-9dee-328f588b2a65","3581",0,"0","0","0","0"
"b6f434f0-9631-11e8-8a60-fc60c095174f","3556",13,"1","1","1","1"
"a32029c6-89a1-11e8-a1c4-5683a7fcb7dc","3514",158,"0","0","0","0"
"6586e2d8-a14f-11e8-afd8-8f4a631f500f","3451",3,"11","2","2","2"
"e129338e-963f-11e8-a542-2078d824af27","3415",87,"11","6","7","7"
"d95fc914-170b-11e8-b027-36686c0143b9","3409",66,"3","0","1","0"
"163999e2-9af0-11e8-87aa-1e0e02e95e35","3402",28,"5","0","2","0"
"a1ef9464-9a46-11e8-8b2a-1e0e02e95e35","3399",7,"12","4","4","4"
"4f70ab5a-9a33-11e8-a608-f017b12b5a53","3373",19,"0","0","0","0"
"fcf7151c-94ce-11e8-9aff-fc60c095174f","3358",27,"6","5","5","5"
"a5dc0066-a154-11e8-84d8-8f4a631f500f","3358",28,"2","0","1","1"
"fb4e9adc-958c-11e8-89f9-fc60c095174f","3354",8,"2","1","1","1"
"158570c8-747d-11e8-aa2c-f0a9a6a83071","3344",68,"0","0","0","0"
"c5eb79ce-a085-11e8-a080-41d95f45639c","3319",25,"9","3","4","3"
"7990d002-9fbc-11e8-9724-a25db12b5a53","3306",75,"6","2","2","2"
"d1a1b35a-93ce-11e8-bcba-fc60c095174f","3261",15,"2","1","1","1"
"b6f434f0-9631-11e8-8a60-fc60c095174f","3242",13,"2","1","2","2"
"99301356-9953-11e8-8039-2078d824af27","3210",52,"0","0","0","0"
"fb4e9adc-958c-11e8-89f9-fc60c095174f","3159",8,"0","0","0","0"
"ab6ccd1a-5fed-11e8-b53b-be327c3166de","3048",62,"1","1","1","1"
"14b01f4c-707f-11e8-afa1-ab7403c1ce92","3029",49,"0","0","0","0"
"07b77414-9f98-11e8-b572-eb1702e95e35","3020",25,"2","0","0","0"
"421f65a6-93f6-11e8-925d-fc60c095174f","3018",781,"44","21","26","22"
"ae91f93c-964f-11e8-aa2d-2078d824af27","3003",223,"7","5","5","5"
"6d7eb81e-9af9-11e8-88d9-f017b12b5a53","2873",41,"2","0","0","0"
"39c24f2a-8fe8-11e8-ab25-e0e8393def43","2840",7,"0","0","0","0"
"6c6da284-9f98-11e8-bbcf-eb1702e95e35","2832",82,"1","0","0","0"
"ab6ccd1a-5fed-11e8-b53b-be327c3166de","2809",70,"0","0","0","0"
"10e87e8a-94a2-11e8-ba78-2078d824af27","2796",46,"1","1","1","1"
"891d4278-67d4-11e8-9a86-fb1b3249e00a","2777",71,"0","0","0","0"
"5465e68c-9968-11e8-b9c7-852902e95e35","2739",34,"1","0","0","0"
"3080a7a0-81b4-11e8-9638-f86fca9e9af2","2713",48,"2","0","1","0"
"aa8477c6-a224-11e8-b201-41d95f45639c","2710",7,"0","0","0","0"
"5465e68c-9968-11e8-b9c7-852902e95e35","2695",32,"4","1","2","1"
"9258c4e2-9188-11e8-baef-fc60c095174f","2674",99,"3","1","2","1"
"3d66192a-9490-11e8-9907-2078d824af27","2669",103,"10","3","4","3"
"f0ccfd3c-013b-11e8-ac5d-a08db8bcf5f7","2667",15,"5","0","2","0"
"8453807a-93f0-11e8-b468-fc60c095174f","2664",26,"4","2","2","2"
"d95fc914-170b-11e8-b027-36686c0143b9","2651",65,"2","0","2","0"
"96de7c24-00eb-11e8-8743-a08db8bcf5f7","2605",17,"0","0","0","0"
"459e47c8-89b1-11e8-a236-8869a7fcb7dc","2601",42,"0","0","0","0"
"c97f5c78-9977-11e8-a79d-852902e95e35","2595",11,"2","0","1","0"
"ae8e992c-a08b-11e8-9082-41d95f45639c","2537",37,"2","1","1","1"
"5ee74e7c-9ef2-11e8-9047-eb1702e95e35","2506",91,"11","5","6","6"
"d95fc914-170b-11e8-b027-36686c0143b9","2480",73,"3","2","3","2"
"11dd5cd2-414d-11e8-8d21-a1e87e988848","2475",31,"20","2","2","2"
"3d66192a-9490-11e8-9907-2078d824af27","2467",105,"6","2","2","2"
"1a789cb2-9b07-11e8-b29c-f017b12b5a53","2463",134,"3","2","3","3"
"1f0b2036-a22f-11e8-9d4d-8f4a631f500f","2399",12,"8","5","7","5"
"0814e520-9d3d-11e8-89aa-a25db12b5a53","2398",57,"2","0","0","0"
"fa18e6d4-9bb5-11e8-a60f-eb1702e95e35","2392",65,"5","0","5","2"
"10e87e8a-94a2-11e8-ba78-2078d824af27","2382",51,"0","0","0","0"
"3bfd7946-9014-11e8-833b-2078d824af27","2377",66,"5","2","5","2"
"c429cfac-9593-11e8-863b-fc60c095174f","2358",19,"0","0","0","0"
"f7b56108-8e75-11e8-b34d-8869a7fcb7dc","2309",34,"1","0","0","0"
"421f65a6-93f6-11e8-925d-fc60c095174f","2305",791,"7","2","4","2"
"deaf89cc-00ef-11e8-a834-a08db8bcf5f7","2304",10,"5","1","4","0"
"69f972a4-a168-11e8-9077-41d95f45639c","2271",216,"4","0","2","0"
"1c3a3da4-a06a-11e8-815c-41d95f45639c","2264",33,"3","0","1","1"
"afcaa190-1df1-11e8-805a-deccd0dd5d77","2257",129,"14","2","3","2"
"57203bf0-6fa3-11e8-b5a2-70a303c1ce92","2246",150,"13","4","3","4"
"0814e520-9d3d-11e8-89aa-a25db12b5a53","2237",59,"3","0","0","0"
"fb4e9adc-958c-11e8-89f9-fc60c095174f","2218",8,"1","1","1","1"
"545ac28c-8c04-11e8-8f45-e0e8393def43","2212",32,"0","0","0","0"
"459e47c8-89b1-11e8-a236-8869a7fcb7dc","2175",43,"0","0","0","0"
"c8ba8210-94b1-11e8-ac97-2078d824af27","2169",20,"1","0","0","0"
"fa18e6d4-9bb5-11e8-a60f-eb1702e95e35","2156",65,"0","0","0","0"
"9fcaabc8-8fd4-11e8-8398-e0e8393def43","2143",72,"2","2","2","2"
"421f65a6-93f6-11e8-925d-fc60c095174f","2126",813,"40","15","20","15"
"351ef64a-8a65-11e8-8ca7-8869a7fcb7dc","2107",200,"0","0","0","0"
"7b2172f8-745d-11e8-a55f-ab7403c1ce92","2106",61,"0","0","0","0"
"d89a2080-994f-11e8-b4bc-2078d824af27","2088",7,"1","1","1","1"
"421f65a6-93f6-11e8-925d-fc60c095174f","2061",816,"20","9","14","10"
"d138d0c6-9bf6-11e8-8f8e-eb1702e95e35","2051",6778,"73","24","32","24"
"fa5e724a-9baa-11e8-856a-eb1702e95e35","2035",3,"0","0","0","0"
"b23460a8-00e9-11e8-84ee-00bd8c1371f3","2012",2,"0","0","0","0"
"3d66192a-9490-11e8-9907-2078d824af27","1977",102,"1","0","0","0"
"45b330ee-9a18-11e8-b397-f017b12b5a53","1959",11,"3","1","1","1"
"3446b5f6-956d-11e8-a183-fc60c095174f","1953",91,"4","1","1","1"
"3080a7a0-81b4-11e8-9638-f86fca9e9af2","1946",47,"0","0","0","0"
"158570c8-747d-11e8-aa2c-f0a9a6a83071","1940",68,"0","0","0","0"
"421f65a6-93f6-11e8-925d-fc60c095174f","1916",802,"53","18","29","23"
"8e1f84aa-46ca-11e8-9901-de2ce12992ad","1889",45,"0","0","0","0"
"2638cfae-9c74-11e8-96ad-a25db12b5a53","1857",11,"1","1","1","1"
"a834ff8a-93d9-11e8-ae17-2078d824af27","1836",15,"0","0","0","0"
"1a25424e-917d-11e8-9d5b-2078d824af27","1813",10,"0","0","0","0"
"14b01f4c-707f-11e8-afa1-ab7403c1ce92","1799",49,"0","0","0","0"
"335b20e6-9f90-11e8-80d1-eb1702e95e35","1795",55,"0","0","0","0"
"459e47c8-89b1-11e8-a236-8869a7fcb7dc","1784",47,"3","1","2","2"
"3924a578-9659-11e8-ae1c-fc60c095174f","1772",11,"0","0","0","0"
"3d66192a-9490-11e8-9907-2078d824af27","1741",108,"3","1","1","1"
"85c70544-9a3f-11e8-8dd7-f017b12b5a53","1721",46,"3","0","0","0"
"f0ccfd3c-013b-11e8-ac5d-a08db8bcf5f7","1721",25,"5","0","0","0"
"9fcaabc8-8fd4-11e8-8398-e0e8393def43","1719",65,"0","0","0","0"
"1f70904e-9b02-11e8-bc21-f017b12b5a53","1701",4,"0","0","0","0"
"ab6ccd1a-5fed-11e8-b53b-be327c3166de","1694",78,"0","0","0","0"
"94bc8c7e-9c8b-11e8-a40e-a25db12b5a53","1684",83,"0","0","0","0"
"f462cb8c-957b-11e8-b8cb-fc60c095174f","1659",6,"0","0","0","0"
"3d66192a-9490-11e8-9907-2078d824af27","1621",109,"1","0","0","0"
"3446b5f6-956d-11e8-a183-fc60c095174f","1600",89,"0","0","0","0"
"4b3cddae-9a2b-11e8-a40c-1e0e02e95e35","1581",18,"2","0","0","0"
"1bca607c-6b24-11e8-b44b-8ed2e26c6167","1573",1549,"2","1","1","1"
"1a789cb2-9b07-11e8-b29c-f017b12b5a53","1570",134,"0","0","0","0"
"94bc8c7e-9c8b-11e8-a40e-a25db12b5a53","1570",83,"0","0","0","0"
"cc881dae-220a-11e8-a885-7f6bd0dd5d77","1566",157,"0","0","0","0"
"3329e1c2-30f8-11e8-9ae4-ec97670cc1e3","1556",13,"0","0","0","0"
"0814e520-9d3d-11e8-89aa-a25db12b5a53","1554",59,"0","0","0","0"
"ab6ccd1a-5fed-11e8-b53b-be327c3166de","1531",78,"1","0","0","0"
"f8f22494-91ad-11e8-ac8f-fc60c095174f","1520",9,"2","1","1","1"
"afcaa190-1df1-11e8-805a-deccd0dd5d77","1485",123,"2","0","0","0"
"163999e2-9af0-11e8-87aa-1e0e02e95e35","1484",28,"0","0","0","0"
"5277927e-0fef-11e8-b2b2-02ed3694657e","1474",409,"0","0","0","0"
"c429cfac-9593-11e8-863b-fc60c095174f","1468",19,"0","0","0","0"
"6d7eb81e-9af9-11e8-88d9-f017b12b5a53","1448",55,"0","0","0","0"
"fd0296d2-93ff-11e8-a43c-fc60c095174f","1443",49,"6","1","2","1"
"9f71df54-a215-11e8-92a5-8f4a631f500f","1430",12,"4","2","2","2"
"e53a6e88-90a5-11e8-a466-2078d824af27","1396",178,"0","0","0","0"
"c8ba8210-94b1-11e8-ac97-2078d824af27","1376",19,"2","1","2","1"
"510a1d42-9c87-11e8-9dc5-a25db12b5a53","1372",189,"0","0","0","0"
"fa5e724a-9baa-11e8-856a-eb1702e95e35","1369",4,"0","0","0","0"
"1f70904e-9b02-11e8-bc21-f017b12b5a53","1359",5,"0","0","0","0"
"335b20e6-9f90-11e8-80d1-eb1702e95e35","1340",54,"0","0","0","0"
"c029feae-01f5-11e8-a8c0-a08db8bcf5f7","1333",0,"1","0","0","0"
"9258c4e2-9188-11e8-baef-fc60c095174f","1332",99,"0","0","0","0"
"10e87e8a-94a2-11e8-ba78-2078d824af27","1323",51,"0","0","0","0"
"f7b56108-8e75-11e8-b34d-8869a7fcb7dc","1312",34,"0","0","0","0"
"3080a7a0-81b4-11e8-9638-f86fca9e9af2","1310",47,"0","0","0","0"
"1a449504-6a36-11e8-86b0-85aca6a83071","1307",73,"0","0","0","0"
"9a432d1c-9fa9-11e8-b1b7-a25db12b5a53","1305",51,"0","0","0","0"
"fa5e724a-9baa-11e8-856a-eb1702e95e35","1295",4,"2","1","1","1"
"fd0296d2-93ff-11e8-a43c-fc60c095174f","1283",49,"1","0","0","0"
"2638cfae-9c74-11e8-96ad-a25db12b5a53","1279",10,"3","1","2","1"
"96de7c24-00eb-11e8-8743-a08db8bcf5f7","1276",17,"1","0","0","0"
"8f90dcb2-79fb-11e8-b362-4ceaba6bc217","1267",89,"0","0","0","0"
"c5eb79ce-a085-11e8-a080-41d95f45639c","1263",25,"2","0","0","0"
"4b3cddae-9a2b-11e8-a40c-1e0e02e95e35","1257",18,"0","0","0","0"
"510a1d42-9c87-11e8-9dc5-a25db12b5a53","1249",190,"3","2","3","3"
"d5b9ac3c-3671-11e8-a522-c70d7f988848","1246",20,"0","0","0","0"
"adcf3b3c-9ef0-11e8-a762-a25db12b5a53","1223",2,"0","0","0","0"
"3446b5f6-956d-11e8-a183-fc60c095174f","1219",91,"0","0","0","0"
"3924a578-9659-11e8-ae1c-fc60c095174f","1218",12,"0","0","0","0"
"2ddf22de-868b-11e8-95d8-f63dca9e9af2","1200",121,"0","0","0","0"
"9258c4e2-9188-11e8-baef-fc60c095174f","1197",99,"1","0","0","0"
"96de7c24-00eb-11e8-8743-a08db8bcf5f7","1176",17,"0","0","0","0"
"b9a82542-971e-11e8-815e-fc60c095174f","1158",8,"1","0","0","0"
"351ef64a-8a65-11e8-8ca7-8869a7fcb7dc","1154",200,"1","0","0","0"
"c83591a6-a05d-11e8-af80-8f4a631f500f","1149",38,"1","0","0","0"
"639f36c2-00ec-11e8-86c6-d6fd8c1371f3","1144",19,"0","0","0","0"
"1c419614-9fb9-11e8-b9f9-eb1702e95e35","1144",44,"2","2","2","2"
"e53a6e88-90a5-11e8-a466-2078d824af27","1143",174,"5","3","3","3"
"8e1f84aa-46ca-11e8-9901-de2ce12992ad","1134",45,"0","0","0","0"
"e53a6e88-90a5-11e8-a466-2078d824af27","1114",178,"0","0","0","0"
"94bc8c7e-9c8b-11e8-a40e-a25db12b5a53","1106",80,"1","0","0","0"
"d1983f34-7072-11e8-9b2e-ab7403c1ce92","1096",41,"0","0","0","0"
"1a789cb2-9b07-11e8-b29c-f017b12b5a53","1083",134,"1","0","0","0"
"ab6ccd1a-5fed-11e8-b53b-be327c3166de","1081",78,"0","0","0","0"
"163999e2-9af0-11e8-87aa-1e0e02e95e35","1080",28,"2","0","1","0"
"158570c8-747d-11e8-aa2c-f0a9a6a83071","1068",68,"1","0","0","0"
"a32029c6-89a1-11e8-a1c4-5683a7fcb7dc","1050",170,"1","1","1","1"
"6d7eb81e-9af9-11e8-88d9-f017b12b5a53","1040",55,"1","0","1","0"
"10e87e8a-94a2-11e8-ba78-2078d824af27","1039",49,"0","0","0","0"
"925488dc-8e54-11e8-a0ec-e0e8393def43","1030",99,"0","0","0","0"
"6ff50a26-44a0-11e8-9e48-de2ce12992ad","1028",47,"0","0","0","0"
"21b31f3a-a12d-11e8-be1d-41d95f45639c","1017",14,"0","0","0","0"
"5465e68c-9968-11e8-b9c7-852902e95e35","1013",37,"0","0","0","0"
"e4525d10-6962-11e8-bf55-fb1b3249e00a","1011",80,"2","0","0","0"
"3446b5f6-956d-11e8-a183-fc60c095174f","1011",91,"0","0","0","0"
"85c70544-9a3f-11e8-8dd7-f017b12b5a53","1009",46,"0","0","0","0"
"510a1d42-9c87-11e8-9dc5-a25db12b5a53","1006",188,"3","1","1","1"
"4b3cddae-9a2b-11e8-a40c-1e0e02e95e35","1003",15,"4","1","1","1"
"42321806-94b7-11e8-9e55-fc60c095174f","1000",12,"1","1","1","1"
"b23460a8-00e9-11e8-84ee-00bd8c1371f3","995",2,"0","0","0","0"
"9a432d1c-9fa9-11e8-b1b7-a25db12b5a53","986",51,"0","0","0","0"
"639f36c2-00ec-11e8-86c6-d6fd8c1371f3","973",19,"0","0","0","0"
"cc881dae-220a-11e8-a885-7f6bd0dd5d77","973",163,"0","0","0","0"
"b80ec268-8517-11e8-b5d2-d8cdf617378b","968",129,"0","0","0","0"
"163999e2-9af0-11e8-87aa-1e0e02e95e35","966",28,"1","0","0","0"
"9a432d1c-9fa9-11e8-b1b7-a25db12b5a53","964",51,"0","0","0","0"
"3d66192a-9490-11e8-9907-2078d824af27","960",112,"0","0","0","0"
"c68d5b34-0546-11e8-b8df-6836f727bb7d","959",0,"0","0","0","0"
"158570c8-747d-11e8-aa2c-f0a9a6a83071","959",66,"0","0","0","0"
"94bc8c7e-9c8b-11e8-a40e-a25db12b5a53","946",83,"1","0","0","0"
"36b1feec-9ae3-11e8-8c2d-1e0e02e95e35","946",7,"0","0","0","0"
"cf8d0e1c-9639-11e8-936f-2078d824af27","939",4,"0","0","0","0"
"3031c876-90c1-11e8-a3d8-2078d824af27","935",17,"1","1","1","1"
"fd79e8cc-738e-11e8-988e-f0a9a6a83071","932",10,"0","0","0","0"
"85c70544-9a3f-11e8-8dd7-f017b12b5a53","932",46,"0","0","0","0"
"fdc8b106-8a58-11e8-8695-e0e8393def43","932",528,"2","1","1","1"
"0a0d12a0-9c78-11e8-acfb-eb1702e95e35","907",2,"0","0","0","0"
"5465e68c-9968-11e8-b9c7-852902e95e35","902",37,"0","0","0","0"
"9258c4e2-9188-11e8-baef-fc60c095174f","890",99,"3","0","1","0"
"c183bb3e-6bb6-11e8-8f74-8ed2e26c6167","890",97,"0","0","0","0"
"e129338e-963f-11e8-a542-2078d824af27","886",111,"4","1","3","2"
"a20ce268-00e9-11e8-94e6-cf60b8bcf5f7","882",1,"0","0","0","0"
"421f65a6-93f6-11e8-925d-fc60c095174f","880",865,"19","8","8","8"
"108aa054-96fe-11e8-bcbd-2078d824af27","878",6,"0","0","0","0"
"ab6ccd1a-5fed-11e8-b53b-be327c3166de","871",73,"0","0","0","0"
"5465e68c-9968-11e8-b9c7-852902e95e35","862",38,"0","0","0","0"
"c429cfac-9593-11e8-863b-fc60c095174f","855",19,"0","0","0","0"
"e289578e-0109-11e8-abb3-a08db8bcf5f7","848",18,"4","0","1","0"
"5465e68c-9968-11e8-b9c7-852902e95e35","841",38,"0","0","0","0"
"421f65a6-93f6-11e8-925d-fc60c095174f","834",865,"13","6","6","6"
"a5956c8a-9ee0-11e8-ad05-a25db12b5a53","833",9,"0","0","0","0"
"3446b5f6-956d-11e8-a183-fc60c095174f","831",90,"0","0","0","0"
"c881cb96-8c0a-11e8-8ed5-8869a7fcb7dc","829",18,"0","0","0","0"
"c8ba8210-94b1-11e8-ac97-2078d824af27","826",20,"0","0","0","0"
"158570c8-747d-11e8-aa2c-f0a9a6a83071","825",68,"0","0","0","0"
"68fbf22e-6fb7-11e8-8028-f0a9a6a83071","822",906,"1","0","0","0"
"fdc8b106-8a58-11e8-8695-e0e8393def43","821",526,"0","0","0","0"
"c429cfac-9593-11e8-863b-fc60c095174f","819",19,"0","0","0","0"
"335b20e6-9f90-11e8-80d1-eb1702e95e35","816",54,"3","1","2","1"
"f7b56108-8e75-11e8-b34d-8869a7fcb7dc","815",34,"0","0","0","0"
"335b20e6-9f90-11e8-80d1-eb1702e95e35","805",55,"1","0","0","0"
"d1983f34-7072-11e8-9b2e-ab7403c1ce92","803",41,"0","0","0","0"
"e60d6780-5814-11e8-81c8-c044553edb85","801",43,"0","0","0","0"
"e9383386-995f-11e8-a4ed-852902e95e35","801",2,"0","0","0","0"
"deaf89cc-00ef-11e8-a834-a08db8bcf5f7","799",9,"0","0","0","0"
"1bca607c-6b24-11e8-b44b-8ed2e26c6167","798",1540,"7","4","4","4"
"3329e1c2-30f8-11e8-9ae4-ec97670cc1e3","797",13,"0","0","0","0"
"39c24f2a-8fe8-11e8-ab25-e0e8393def43","795",7,"0","0","0","0"
"7b2172f8-745d-11e8-a55f-ab7403c1ce92","794",61,"0","0","0","0"
"639f36c2-00ec-11e8-86c6-d6fd8c1371f3","792",19,"0","0","0","0"
"c8ba8210-94b1-11e8-ac97-2078d824af27","785",20,"0","0","0","0"
"e4525d10-6962-11e8-bf55-fb1b3249e00a","780",80,"1","1","1","1"
"9fcaabc8-8fd4-11e8-8398-e0e8393def43","779",67,"0","0","0","0"
"1f70904e-9b02-11e8-bc21-f017b12b5a53","779",5,"0","0","0","0"
"85c70544-9a3f-11e8-8dd7-f017b12b5a53","779",47,"1","1","1","1"
"cf8d0e1c-9639-11e8-936f-2078d824af27","776",4,"0","0","0","0"
"8d837ec6-00fb-11e8-9f84-d6fd8c1371f3","776",18,"0","0","0","0"
"347897ac-00f2-11e8-91b7-d6fd8c1371f3","774",22,"0","0","0","0"
"5277927e-0fef-11e8-b2b2-02ed3694657e","771",409,"0","0","0","0"
"040fa184-90b5-11e8-ade0-fc60c095174f","771",29,"0","0","0","0"
"5bca5b5c-013c-11e8-a44d-a08db8bcf5f7","770",8,"1","1","1","1"
"4b3cddae-9a2b-11e8-a40c-1e0e02e95e35","764",16,"1","0","0","0"
"b2c1fd62-6a4a-11e8-a6f6-8ed2e26c6167","759",49,"0","0","0","0"
"ae91f93c-964f-11e8-aa2d-2078d824af27","756",227,"3","1","3","1"
"d95fc914-170b-11e8-b027-36686c0143b9","749",75,"5","1","2","1"
"7b3a104e-90d0-11e8-af4d-2078d824af27","748",33,"0","0","0","0"
"fb4e9adc-958c-11e8-89f9-fc60c095174f","746",8,"0","0","0","0"
"639f36c2-00ec-11e8-86c6-d6fd8c1371f3","743",19,"0","0","0","0"
"d5b9ac3c-3671-11e8-a522-c70d7f988848","738",21,"0","0","0","0"
"925488dc-8e54-11e8-a0ec-e0e8393def43","738",98,"1","0","0","0"
"5465e68c-9968-11e8-b9c7-852902e95e35","737",37,"0","0","0","0"
"cf8d0e1c-9639-11e8-936f-2078d824af27","731",4,"0","0","0","0"
"c8ba8210-94b1-11e8-ac97-2078d824af27","728",20,"0","0","0","0"
"94bc8c7e-9c8b-11e8-a40e-a25db12b5a53","727",82,"0","0","0","0"
"f462cb8c-957b-11e8-b8cb-fc60c095174f","726",6,"0","0","0","0"
"7dedba16-9bd4-11e8-b6f7-a25db12b5a53","721",54,"4","0","1","0"
"7dedba16-9bd4-11e8-b6f7-a25db12b5a53","719",55,"2","1","2","2"
"f7b56108-8e75-11e8-b34d-8869a7fcb7dc","717",34,"0","0","0","0"
"10e87e8a-94a2-11e8-ba78-2078d824af27","715",51,"0","0","0","0"
"dc5f5332-8682-11e8-a5eb-5683a7fcb7dc","715",31,"2","0","0","0"
"c8ba8210-94b1-11e8-ac97-2078d824af27","714",20,"0","0","0","0"
"96de8e12-00eb-11e8-8743-a08db8bcf5f7","711",2,"0","0","0","0"
"7b2172f8-745d-11e8-a55f-ab7403c1ce92","709",61,"0","0","0","0"
"0e3b9ca8-9ef7-11e8-9137-eb1702e95e35","708",122,"4","3","3","3"
"1c419614-9fb9-11e8-b9f9-eb1702e95e35","708",45,"0","0","0","0"
"5465e68c-9968-11e8-b9c7-852902e95e35","707",38,"2","0","0","0"
"38293cc4-90b9-11e8-9d44-fc60c095174f","706",16,"2","0","0","0"
"f7b56108-8e75-11e8-b34d-8869a7fcb7dc","705",34,"0","0","0","0"
"ab43adb6-1c6a-11e8-a41c-4d238c11f014","692",15,"0","0","0","0"
"9258c4e2-9188-11e8-baef-fc60c095174f","689",99,"0","0","0","0"
"c68d5b34-0546-11e8-b8df-6836f727bb7d","689",0,"0","0","0","0"
"7990d002-9fbc-11e8-9724-a25db12b5a53","685",106,"3","1","2","2"
"510a1d42-9c87-11e8-9dc5-a25db12b5a53","684",190,"4","0","0","0"
"89e5ff32-1d25-11e8-aa47-8fc5d0dd5d77","680",1140,"2","0","0","0"
"73a73d14-8f24-11e8-8494-e0e8393def43","678",48,"1","0","0","0"
"ab6ccd1a-5fed-11e8-b53b-be327c3166de","678",70,"0","0","0","0"
"c5eb79ce-a085-11e8-a080-41d95f45639c","677",25,"1","1","1","1"
"6c6da284-9f98-11e8-bbcf-eb1702e95e35","676",85,"2","0","0","0"
"c8ba8210-94b1-11e8-ac97-2078d824af27","675",20,"0","0","0","0"
"3c79e21e-80f2-11e8-8d1b-d8cdf617378b","674",97,"0","0","0","0"
"fd0296d2-93ff-11e8-a43c-fc60c095174f","669",49,"1","0","0","0"
"421f65a6-93f6-11e8-925d-fc60c095174f","664",867,"5","1","4","1"
"fd79e8cc-738e-11e8-988e-f0a9a6a83071","663",10,"0","0","0","0"
"73a73d14-8f24-11e8-8494-e0e8393def43","656",48,"2","1","2","1"
"25c3bc04-00e9-11e8-991b-00bd8c1371f3","655",6,"0","0","0","0"
"3080a7a0-81b4-11e8-9638-f86fca9e9af2","654",48,"0","0","0","0"
"04967534-0bdf-11e8-ae62-ea2c588b2a65","653",22,"0","0","0","0"
"3bfd7946-9014-11e8-833b-2078d824af27","650",75,"2","1","1","1"
"347897ac-00f2-11e8-91b7-d6fd8c1371f3","648",21,"0","0","0","0"
"94bc8c7e-9c8b-11e8-a40e-a25db12b5a53","644",83,"1","1","1","1"
"8f90dcb2-79fb-11e8-b362-4ceaba6bc217","644",89,"0","0","0","0"
"1a449504-6a36-11e8-86b0-85aca6a83071","643",75,"0","0","0","0"
"1a449504-6a36-11e8-86b0-85aca6a83071","639",76,"0","0","0","0"
"d1983f34-7072-11e8-9b2e-ab7403c1ce92","639",41,"0","0","0","0"
"fb4e9adc-958c-11e8-89f9-fc60c095174f","638",8,"0","0","0","0"
"fd0296d2-93ff-11e8-a43c-fc60c095174f","635",49,"2","0","0","0"
"0e3b9ca8-9ef7-11e8-9137-eb1702e95e35","633",124,"2","0","0","0"
"1bca607c-6b24-11e8-b44b-8ed2e26c6167","628",1603,"6","2","2","2"
"fe061f3a-06a2-11e8-9dee-328f588b2a65","625",0,"0","0","0","0"
"7b7dc7ec-017b-11e8-b43b-a08db8bcf5f7","623",13,"4","1","2","1"
"9fcaabc8-8fd4-11e8-8398-e0e8393def43","617",74,"0","0","0","0"
"5277927e-0fef-11e8-b2b2-02ed3694657e","610",409,"0","0","0","0"
"c029feae-01f5-11e8-a8c0-a08db8bcf5f7","606",0,"1","0","0","0"
"45b330ee-9a18-11e8-b397-f017b12b5a53","605",11,"0","0","0","0"
"73a73d14-8f24-11e8-8494-e0e8393def43","604",46,"1","0","0","0"
"5277927e-0fef-11e8-b2b2-02ed3694657e","603",409,"0","0","0","0"
"c43b5286-a146-11e8-bf2c-8f4a631f500f","601",9,"1","0","0","0"
"ea50192c-9708-11e8-82a3-2078d824af27","601",4,"0","0","0","0"
"57f69890-00e9-11e8-97fa-cf60b8bcf5f7","601",1,"0","0","0","0"
"7b2172f8-745d-11e8-a55f-ab7403c1ce92","594",61,"1","0","0","0"
"549cf932-7aa6-11e8-9740-4ceaba6bc217","594",28,"0","0","0","0"
"3031c876-90c1-11e8-a3d8-2078d824af27","594",17,"3","1","1","1"
"2638cfae-9c74-11e8-96ad-a25db12b5a53","594",12,"1","0","0","0"
"d21c36b2-00e8-11e8-9a2d-cf60b8bcf5f7","593",0,"0","0","0","0"
"3329e1c2-30f8-11e8-9ae4-ec97670cc1e3","590",13,"0","0","0","0"
"85c70544-9a3f-11e8-8dd7-f017b12b5a53","588",47,"2","0","0","0"
"07b77414-9f98-11e8-b572-eb1702e95e35","587",29,"2","0","0","0"
"639f36c2-00ec-11e8-86c6-d6fd8c1371f3","586",19,"0","0","0","0"
"d95fc914-170b-11e8-b027-36686c0143b9","586",77,"0","0","0","0"
"fb4e9adc-958c-11e8-89f9-fc60c095174f","582",8,"0","0","0","0"
"10e87e8a-94a2-11e8-ba78-2078d824af27","577",46,"0","0","0","0"
"c8ba8210-94b1-11e8-ac97-2078d824af27","575",20,"0","0","0","0"
"ab6ccd1a-5fed-11e8-b53b-be327c3166de","575",73,"0","0","0","0"
"39c24f2a-8fe8-11e8-ab25-e0e8393def43","573",8,"0","0","0","0"
"9fcaabc8-8fd4-11e8-8398-e0e8393def43","571",72,"0","0","0","0"
"1a25424e-917d-11e8-9d5b-2078d824af27","564",10,"0","0","0","0"
"a5956c8a-9ee0-11e8-ad05-a25db12b5a53","563",9,"0","0","0","0"
"108aa054-96fe-11e8-bcbd-2078d824af27","560",6,"0","0","0","0"
"2ff21c08-916b-11e8-80ce-fc60c095174f","559",205,"2","1","1","1"
"3d66192a-9490-11e8-9907-2078d824af27","558",112,"0","0","0","0"
"e93c2bec-6324-11e8-85d6-fb1b3249e00a","558",19,"0","0","0","0"
"7b2172f8-745d-11e8-a55f-ab7403c1ce92","553",61,"0","0","0","0"
"639f36c2-00ec-11e8-86c6-d6fd8c1371f3","544",19,"0","0","0","0"
"85c70544-9a3f-11e8-8dd7-f017b12b5a53","544",46,"0","0","0","0"
"7dedba16-9bd4-11e8-b6f7-a25db12b5a53","541",55,"2","0","0","0"
"3924a578-9659-11e8-ae1c-fc60c095174f","539",12,"0","0","0","0"
"39c24f2a-8fe8-11e8-ab25-e0e8393def43","538",8,"0","0","0","0"
"fb4e9adc-958c-11e8-89f9-fc60c095174f","532",8,"0","0","0","0"
"25c3bace-00e9-11e8-991b-00bd8c1371f3","532",1,"0","0","0","0"
"fb4e9adc-958c-11e8-89f9-fc60c095174f","531",8,"0","0","0","0"
"ab6ccd1a-5fed-11e8-b53b-be327c3166de","530",78,"0","0","0","0"
"3329e1c2-30f8-11e8-9ae4-ec97670cc1e3","530",13,"1","0","0","0"
"10e87e8a-94a2-11e8-ba78-2078d824af27","530",51,"1","1","1","1"
"e289578e-0109-11e8-abb3-a08db8bcf5f7","529",16,"0","0","0","0"
"0814e520-9d3d-11e8-89aa-a25db12b5a53","526",59,"2","0","0","0"
"ab43adb6-1c6a-11e8-a41c-4d238c11f014","525",15,"1","1","1","1"
"351ef64a-8a65-11e8-8ca7-8869a7fcb7dc","520",200,"0","0","0","0"
"a5956c8a-9ee0-11e8-ad05-a25db12b5a53","516",9,"0","0","0","0"
"e53a6e88-90a5-11e8-a466-2078d824af27","514",176,"3","2","2","2"
"8d837ec6-00fb-11e8-9f84-d6fd8c1371f3","513",18,"0","0","0","0"
"1bca607c-6b24-11e8-b44b-8ed2e26c6167","513",1580,"7","3","3","3"
"3d66192a-9490-11e8-9907-2078d824af27","509",108,"0","0","0","0"
"2ff21c08-916b-11e8-80ce-fc60c095174f","508",209,"0","0","0","0"
"7990d002-9fbc-11e8-9724-a25db12b5a53","507",110,"1","0","0","0"
"ea50192c-9708-11e8-82a3-2078d824af27","504",7,"0","0","0","0"
"6725a662-328f-11e8-8066-9e0d2a124413","504",2008,"3","2","2","2"
"e93c2bec-6324-11e8-85d6-fb1b3249e00a","503",19,"0","0","0","0"
"7b7dc7ec-017b-11e8-b43b-a08db8bcf5f7","501",1,"2","1","1","1"
"3d66192a-9490-11e8-9907-2078d824af27","501",108,"0","0","0","0"
"68fbf22e-6fb7-11e8-8028-f0a9a6a83071","499",915,"6","2","2","2"
"1c7149de-7ea0-11e8-ada7-22576382b57d","498",58,"1","0","0","0"
"3bfd7946-9014-11e8-833b-2078d824af27","497",92,"0","0","0","0"
"25c3bace-00e9-11e8-991b-00bd8c1371f3","491",1,"0","0","0","0"
"a32029c6-89a1-11e8-a1c4-5683a7fcb7dc","489",170,"0","0","0","0"
"57203bf0-6fa3-11e8-b5a2-70a303c1ce92","486",151,"3","2","2","2"
"45e17a34-72cd-11e8-86ac-f0a9a6a83071","485",28,"0","0","0","0"
"94bc8c7e-9c8b-11e8-a40e-a25db12b5a53","485",83,"0","0","0","0"
"1a789cb2-9b07-11e8-b29c-f017b12b5a53","481",132,"2","0","0","0"
"9a432d1c-9fa9-11e8-b1b7-a25db12b5a53","481",51,"0","0","0","0"
"1a789cb2-9b07-11e8-b29c-f017b12b5a53","478",134,"0","0","0","0"
"f462cb8c-957b-11e8-b8cb-fc60c095174f","477",6,"0","0","0","0"
"351ef64a-8a65-11e8-8ca7-8869a7fcb7dc","476",200,"0","0","0","0"
"8453807a-93f0-11e8-b468-fc60c095174f","474",28,"0","0","0","0"
"0e3b9ca8-9ef7-11e8-9137-eb1702e95e35","472",123,"1","1","1","1"
"3446b5f6-956d-11e8-a183-fc60c095174f","471",90,"0","0","0","0"
"6d083cde-8505-11e8-83d1-d8cdf617378b","470",45,"0","0","0","0"
"8f90dcb2-79fb-11e8-b362-4ceaba6bc217","469",91,"0","0","0","0"
"07b77414-9f98-11e8-b572-eb1702e95e35","468",25,"0","0","0","0"
"9fcaabc8-8fd4-11e8-8398-e0e8393def43","467",68,"0","0","0","0"
"3d66192a-9490-11e8-9907-2078d824af27","465",112,"0","0","0","0"
"040fa184-90b5-11e8-ade0-fc60c095174f","465",29,"0","0","0","0"
"c183bb3e-6bb6-11e8-8f74-8ed2e26c6167","465",97,"0","0","0","0"
"5465e68c-9968-11e8-b9c7-852902e95e35","461",38,"0","0","0","0"
"d95fc914-170b-11e8-b027-36686c0143b9","461",73,"2","1","1","1"
"fcf7151c-94ce-11e8-9aff-fc60c095174f","461",28,"0","0","0","0"
"cfeecb0e-8f2f-11e8-80da-e0e8393def43","460",11,"0","0","0","0"
"c029feae-01f5-11e8-a8c0-a08db8bcf5f7","459",0,"0","0","0","0"
"335b20e6-9f90-11e8-80d1-eb1702e95e35","456",55,"0","0","0","0"
"7b3a104e-90d0-11e8-af4d-2078d824af27","456",34,"0","0","0","0"
"0814e520-9d3d-11e8-89aa-a25db12b5a53","456",59,"1","0","0","0"
"f7b56108-8e75-11e8-b34d-8869a7fcb7dc","454",34,"0","0","0","0"
"3446b5f6-956d-11e8-a183-fc60c095174f","454",91,"0","0","0","0"
"1c419614-9fb9-11e8-b9f9-eb1702e95e35","454",45,"0","0","0","0"
"e4525d10-6962-11e8-bf55-fb1b3249e00a","452",80,"0","0","0","0"
"347897ac-00f2-11e8-91b7-d6fd8c1371f3","452",21,"0","0","0","0"
"1bca607c-6b24-11e8-b44b-8ed2e26c6167","451",1599,"12","1","1","1"
"ea50192c-9708-11e8-82a3-2078d824af27","446",7,"0","0","0","0"
"a5956c8a-9ee0-11e8-ad05-a25db12b5a53","445",9,"0","0","0","0"
"fcf7151c-94ce-11e8-9aff-fc60c095174f","444",28,"0","0","0","0"
"96de7c24-00eb-11e8-8743-a08db8bcf5f7","444",17,"0","0","0","0"
"163999e2-9af0-11e8-87aa-1e0e02e95e35","444",28,"0","0","0","0"
"639f36c2-00ec-11e8-86c6-d6fd8c1371f3","444",19,"0","0","0","0"
"549cf932-7aa6-11e8-9740-4ceaba6bc217","443",28,"0","0","0","0"
"5bca5b5c-013c-11e8-a44d-a08db8bcf5f7","443",9,"2","1","1","1"
"5465e68c-9968-11e8-b9c7-852902e95e35","443",38,"0","0","0","0"
"e53a6e88-90a5-11e8-a466-2078d824af27","441",169,"0","0","0","0"
"7990d002-9fbc-11e8-9724-a25db12b5a53","439",106,"3","1","1","1"
"bc8797e6-011b-11e8-90cd-d6fd8c1371f3","438",2,"6","5","6","5"
"85c70544-9a3f-11e8-8dd7-f017b12b5a53","435",47,"0","0","0","0"
"3d66192a-9490-11e8-9907-2078d824af27","434",112,"0","0","0","0"
"108aa054-96fe-11e8-bcbd-2078d824af27","433",6,"0","0","0","0"
"c8ba8210-94b1-11e8-ac97-2078d824af27","433",19,"0","0","0","0"
"fa18e6d4-9bb5-11e8-a60f-eb1702e95e35","432",65,"1","0","1","1"
"f6c3a6e6-47b3-11e8-a26f-2f2eb7f3f1c9","431",342,"0","0","0","0"
"ad7927ea-00eb-11e8-9bcc-a08db8bcf5f7","430",0,"0","0","0","0"
"70897340-89b6-11e8-88c0-8869a7fcb7dc","426",393,"6","1","2","1"
"6586e2d8-a14f-11e8-afd8-8f4a631f500f","426",2,"0","0","0","0"
"6725a662-328f-11e8-8066-9e0d2a124413","426",2128,"1","1","1","1"
"fb4e9adc-958c-11e8-89f9-fc60c095174f","424",8,"0","0","0","0"
"f462cb8c-957b-11e8-b8cb-fc60c095174f","422",6,"0","0","0","0"
"ae91f93c-964f-11e8-aa2d-2078d824af27","416",227,"7","1","4","2"
"9294dd66-7f58-11e8-ac01-22576382b57d","413",23,"0","0","0","0"
"8f90dcb2-79fb-11e8-b362-4ceaba6bc217","408",91,"0","0","0","0"
"73a73d14-8f24-11e8-8494-e0e8393def43","407",46,"0","0","0","0"
"51177ba0-00eb-11e8-890a-d6fd8c1371f3","405",1,"0","0","0","0"
"108aa054-96fe-11e8-bcbd-2078d824af27","403",6,"0","0","0","0"
"9fcaabc8-8fd4-11e8-8398-e0e8393def43","400",74,"0","0","0","0"
"fb4e9adc-958c-11e8-89f9-fc60c095174f","399",8,"0","0","0","0"
"639f23a8-00ec-11e8-86c6-d6fd8c1371f3","398",2,"11","6","7","6"
"1c7149de-7ea0-11e8-ada7-22576382b57d","397",58,"0","0","0","0"
"ce5f2424-5e73-11e8-9ed2-be327c3166de","397",7,"0","0","0","0"
"3d66192a-9490-11e8-9907-2078d824af27","397",108,"0","0","0","0"
"f8f22494-91ad-11e8-ac8f-fc60c095174f","397",12,"1","0","1","0"
"f0ccfd3c-013b-11e8-ac5d-a08db8bcf5f7","392",30,"4","2","3","1"
"b80ec268-8517-11e8-b5d2-d8cdf617378b","388",129,"0","0","0","0"
"70897340-89b6-11e8-88c0-8869a7fcb7dc","388",318,"8","0","3","0"
"d138d0c6-9bf6-11e8-8f8e-eb1702e95e35","385",6726,"45","14","19","15"
"e53a6e88-90a5-11e8-a466-2078d824af27","385",178,"0","0","0","0"
"b9a82542-971e-11e8-815e-fc60c095174f","382",13,"0","0","0","0"
"351ef64a-8a65-11e8-8ca7-8869a7fcb7dc","382",198,"0","0","0","0"
"3924a578-9659-11e8-ae1c-fc60c095174f","381",11,"0","0","0","0"
"639f36c2-00ec-11e8-86c6-d6fd8c1371f3","380",19,"0","0","0","0"
"45b330ee-9a18-11e8-b397-f017b12b5a53","380",11,"0","0","0","0"
"e36927f8-00e9-11e8-af1d-cf60b8bcf5f7","380",13,"0","0","0","0"
"10e87e8a-94a2-11e8-ba78-2078d824af27","377",48,"0","0","0","0"
"38293cc4-90b9-11e8-9d44-fc60c095174f","377",16,"0","0","0","0"
"2ff21c08-916b-11e8-80ce-fc60c095174f","376",206,"0","0","0","0"
"72319330-9ed3-11e8-8dc8-eb1702e95e35","375",25,"0","0","0","0"
"3d66192a-9490-11e8-9907-2078d824af27","375",112,"0","0","0","0"
"ab43adb6-1c6a-11e8-a41c-4d238c11f014","372",15,"0","0","0","0"
"5ee74e7c-9ef2-11e8-9047-eb1702e95e35","371",94,"4","0","0","1"
"e289578e-0109-11e8-abb3-a08db8bcf5f7","368",19,"1","0","0","0"
"6af2b36e-2864-11e8-ac57-8994e7e25155","367",280,"0","0","0","0"
"f754c07e-0981-11e8-a994-4194588b2a65","367",60,"0","0","0","0"
"a200ee44-0559-11e8-8b73-6836f727bb7d","367",0,"0","0","0","0"
"9294dd66-7f58-11e8-ac01-22576382b57d","367",23,"0","0","0","0"
"545ac28c-8c04-11e8-8f45-e0e8393def43","366",28,"0","0","0","0"
"c97f5c78-9977-11e8-a79d-852902e95e35","366",11,"0","0","0","0"
"907ae110-96eb-11e8-96a7-fc60c095174f","366",12,"0","0","0","0"
"b7bc51f2-8429-11e8-b57f-f86fca9e9af2","364",21,"0","0","0","0"
"a5956c8a-9ee0-11e8-ad05-a25db12b5a53","364",8,"0","0","0","0"
"e93c2bec-6324-11e8-85d6-fb1b3249e00a","363",19,"0","0","0","0"
"ab43adb6-1c6a-11e8-a41c-4d238c11f014","362",15,"0","0","0","0"
"394b186c-39a1-11e8-8243-c70d7f988848","361",66,"0","0","0","0"
"fd0296d2-93ff-11e8-a43c-fc60c095174f","361",53,"0","0","0","0"
"7b2172f8-745d-11e8-a55f-ab7403c1ce92","361",61,"0","0","0","0"
"8453807a-93f0-11e8-b468-fc60c095174f","361",26,"0","0","0","0"
"b0a03aa2-8fee-11e8-b225-8869a7fcb7dc","360",7,"0","0","0","0"
"d256fcb6-7eb0-11e8-b2ee-22576382b57d","360",24,"1","0","0","0"
"72319330-9ed3-11e8-8dc8-eb1702e95e35","359",22,"0","0","0","0"
"8f90dcb2-79fb-11e8-b362-4ceaba6bc217","359",91,"0","0","0","0"
"3bfd7946-9014-11e8-833b-2078d824af27","357",75,"1","1","1","1"
"10e87e8a-94a2-11e8-ba78-2078d824af27","357",48,"0","0","0","0"
"deaf89cc-00ef-11e8-a834-a08db8bcf5f7","355",10,"2","2","2","1"
"6ff50a26-44a0-11e8-9e48-de2ce12992ad","355",48,"0","0","0","0"
"3d66192a-9490-11e8-9907-2078d824af27","354",108,"0","0","0","0"
"6ca36904-73a2-11e8-9292-ab7403c1ce92","354",229,"0","0","0","0"
"351ef64a-8a65-11e8-8ca7-8869a7fcb7dc","353",198,"0","0","0","0"
"6c6da284-9f98-11e8-bbcf-eb1702e95e35","352",85,"0","0","0","0"
"891d4278-67d4-11e8-9a86-fb1b3249e00a","351",71,"0","0","0","0"
"a5956c8a-9ee0-11e8-ad05-a25db12b5a53","351",9,"0","0","0","0"
"add99d66-878f-11e8-b0f7-f63dca9e9af2","351",123,"0","0","0","0"
"0e3b9ca8-9ef7-11e8-9137-eb1702e95e35","348",123,"2","1","1","1"
"394b186c-39a1-11e8-8243-c70d7f988848","347",49,"0","0","0","0"
"c68d5b34-0546-11e8-b8df-6836f727bb7d","344",0,"0","0","0","0"
"6d7eb81e-9af9-11e8-88d9-f017b12b5a53","344",55,"0","0","0","0"
"1bca607c-6b24-11e8-b44b-8ed2e26c6167","342",1540,"2","2","2","2"
"fd0296d2-93ff-11e8-a43c-fc60c095174f","340",49,"0","0","0","0"
"7990d002-9fbc-11e8-9724-a25db12b5a53","338",104,"6","1","1","1"
"351ef64a-8a65-11e8-8ca7-8869a7fcb7dc","337",198,"0","0","0","0"
"e9176b88-8bf4-11e8-ad3a-8869a7fcb7dc","336",23,"0","0","0","0"
"72319330-9ed3-11e8-8dc8-eb1702e95e35","335",22,"0","0","0","0"
"ebddb200-6a20-11e8-ac62-85aca6a83071","335",96,"0","0","0","0"
"7a72c312-06a7-11e8-8852-328f588b2a65","334",2,"0","0","0","0"
"3d66192a-9490-11e8-9907-2078d824af27","334",108,"0","0","0","0"
"fdc8b106-8a58-11e8-8695-e0e8393def43","333",529,"0","0","0","0"
"3bfd7946-9014-11e8-833b-2078d824af27","332",92,"0","0","0","0"
"8dbef6bc-8112-11e8-9665-f86fca9e9af2","332",2,"0","0","0","0"
"fc4fe9ba-85c2-11e8-817a-5683a7fcb7dc","331",17,"1","0","0","0"
"3c79e21e-80f2-11e8-8d1b-d8cdf617378b","331",97,"0","0","0","0"
"fb4e9adc-958c-11e8-89f9-fc60c095174f","331",8,"1","0","0","0"
"72319330-9ed3-11e8-8dc8-eb1702e95e35","331",27,"1","1","1","1"
"85c70544-9a3f-11e8-8dd7-f017b12b5a53","329",47,"1","0","0","0"
"1c419614-9fb9-11e8-b9f9-eb1702e95e35","329",44,"0","0","0","0"
"459e47c8-89b1-11e8-a236-8869a7fcb7dc","326",47,"0","0","0","0"
"639f36c2-00ec-11e8-86c6-d6fd8c1371f3","325",19,"0","0","0","0"
"351ef64a-8a65-11e8-8ca7-8869a7fcb7dc","323",198,"0","0","0","0"
"a20ce268-00e9-11e8-94e6-cf60b8bcf5f7","323",1,"0","0","0","0"
"d256fcb6-7eb0-11e8-b2ee-22576382b57d","323",24,"0","0","0","0"
"f7b56108-8e75-11e8-b34d-8869a7fcb7dc","322",34,"0","0","0","0"
"c429cfac-9593-11e8-863b-fc60c095174f","321",19,"0","0","0","0"
"e800fd4a-064d-11e8-bbdb-ef4bf727bb7d","320",0,"0","0","0","0"
"351ef64a-8a65-11e8-8ca7-8869a7fcb7dc","320",200,"3","0","1","0"
"8453807a-93f0-11e8-b468-fc60c095174f","318",27,"2","0","0","0"
"3924a578-9659-11e8-ae1c-fc60c095174f","317",12,"0","0","0","0"
"3bfd7946-9014-11e8-833b-2078d824af27","316",76,"0","0","0","0"
"1a25424e-917d-11e8-9d5b-2078d824af27","316",10,"0","0","0","0"
"10e87e8a-94a2-11e8-ba78-2078d824af27","315",48,"0","0","0","0"
"fd0296d2-93ff-11e8-a43c-fc60c095174f","315",49,"0","0","0","0"
"83a5d660-9011-11e8-ae9b-2078d824af27","314",32,"0","0","0","0"
"a32029c6-89a1-11e8-a1c4-5683a7fcb7dc","313",170,"1","0","0","0"
"f8f22494-91ad-11e8-ac8f-fc60c095174f","313",12,"0","0","0","0"
"138ad2d4-9559-11e8-993b-2078d824af27","313",8,"0","0","0","0"
"1601859a-00f2-11e8-b800-a08db8bcf5f7","312",10,"0","0","0","0"
"45b330ee-9a18-11e8-b397-f017b12b5a53","312",11,"0","0","0","0"
"d138d0c6-9bf6-11e8-8f8e-eb1702e95e35","309",6989,"27","5","11","5"
"82386dd2-9ba2-11e8-86e9-a25db12b5a53","308",14,"1","0","0","0"
"c97f5c78-9977-11e8-a79d-852902e95e35","306",11,"2","0","1","0"
"25108336-7c55-11e8-8ab0-4ceaba6bc217","305",81,"0","0","0","0"
"70897340-89b6-11e8-88c0-8869a7fcb7dc","305",398,"1","0","1","1"
"bc8797e6-011b-11e8-90cd-d6fd8c1371f3","305",1,"13","1","1","1"
"6d99ea58-a125-11e8-85de-8f4a631f500f","305",46,"0","0","0","1"
"c429cfac-9593-11e8-863b-fc60c095174f","305",19,"0","0","0","0"
"347897ac-00f2-11e8-91b7-d6fd8c1371f3","304",21,"0","0","0","0"
"83ac848c-00f7-11e8-b422-a08db8bcf5f7","304",0,"0","0","0","0"
"8453807a-93f0-11e8-b468-fc60c095174f","304",26,"3","1","2","1"
"2ff21c08-916b-11e8-80ce-fc60c095174f","304",207,"0","0","0","0"
"ebddb200-6a20-11e8-ac62-85aca6a83071","303",96,"0","0","0","0"
"639f36c2-00ec-11e8-86c6-d6fd8c1371f3","303",19,"0","0","0","0"
"10e87e8a-94a2-11e8-ba78-2078d824af27","303",51,"0","0","0","0"
"f0342652-96f5-11e8-83ad-2078d824af27","303",16,"0","0","0","0"
"108aa054-96fe-11e8-bcbd-2078d824af27","302",6,"0","0","0","0"
"f586653a-4942-11e8-8ecf-2f2eb7f3f1c9","300",64,"0","0","0","0"
"fcf7151c-94ce-11e8-9aff-fc60c095174f","298",28,"0","0","0","0"
"5423b52c-00f3-11e8-9a58-a08db8bcf5f7","297",0,"0","0","0","0"
"351ef64a-8a65-11e8-8ca7-8869a7fcb7dc","297",198,"0","0","0","0"
"25c3bace-00e9-11e8-991b-00bd8c1371f3","296",1,"0","0","0","0"
"cb900a6e-1644-11e8-9597-36686c0143b9","295",74,"0","0","0","0"
"0814e520-9d3d-11e8-89aa-a25db12b5a53","295",59,"0","0","0","0"
"ab43adb6-1c6a-11e8-a41c-4d238c11f014","295",15,"0","0","0","0"
"70897340-89b6-11e8-88c0-8869a7fcb7dc","295",395,"5","1","2","1"
"45e17a34-72cd-11e8-86ac-f0a9a6a83071","295",28,"0","0","0","0"
"82386dd2-9ba2-11e8-86e9-a25db12b5a53","295",23,"0","0","0","0"
"ea50192c-9708-11e8-82a3-2078d824af27","294",8,"0","0","0","0"
"f0342652-96f5-11e8-83ad-2078d824af27","294",16,"5","0","4","0"
"fd0296d2-93ff-11e8-a43c-fc60c095174f","294",53,"0","0","0","0"
"fb4e9adc-958c-11e8-89f9-fc60c095174f","294",8,"1","1","1","1"
"1c419614-9fb9-11e8-b9f9-eb1702e95e35","293",44,"3","1","1","1"
"73a73d14-8f24-11e8-8494-e0e8393def43","292",48,"0","0","0","0"
"351ef64a-8a65-11e8-8ca7-8869a7fcb7dc","290",198,"0","0","0","0"
"b6f434f0-9631-11e8-8a60-fc60c095174f","290",13,"2","2","2","2"
"e53a6e88-90a5-11e8-a466-2078d824af27","289",178,"1","0","0","0"
"3924a578-9659-11e8-ae1c-fc60c095174f","287",11,"0","0","0","0"
"2ff21c08-916b-11e8-80ce-fc60c095174f","285",209,"0","0","0","0"
"6c6da284-9f98-11e8-bbcf-eb1702e95e35","284",85,"1","0","1","0"
"a2aae3bc-8025-11e8-b4c6-4ceaba6bc217","283",218,"0","0","0","0"
"85c70544-9a3f-11e8-8dd7-f017b12b5a53","283",47,"0","0","0","0"
"b234667a-00e9-11e8-84ee-00bd8c1371f3","282",0,"0","0","0","0"
"421f65a6-93f6-11e8-925d-fc60c095174f","282",819,"11","8","8","8"
"e53a6e88-90a5-11e8-a466-2078d824af27","282",178,"0","0","0","0"
"f462cb8c-957b-11e8-b8cb-fc60c095174f","281",6,"0","0","0","0"
"f0342652-96f5-11e8-83ad-2078d824af27","281",16,"69","39","68","41"
"8e1f84aa-46ca-11e8-9901-de2ce12992ad","281",45,"0","0","0","0"
"108aa054-96fe-11e8-bcbd-2078d824af27","280",6,"0","0","0","0"
"639f36c2-00ec-11e8-86c6-d6fd8c1371f3","278",19,"0","0","0","0"
"1601859a-00f2-11e8-b800-a08db8bcf5f7","278",12,"0","0","0","0"
"138ad2d4-9559-11e8-993b-2078d824af27","277",8,"0","0","0","0"
"138ad2d4-9559-11e8-993b-2078d824af27","277",8,"0","0","0","0"
"a200ee44-0559-11e8-8b73-6836f727bb7d","275",0,"0","0","0","0"
"e53a6e88-90a5-11e8-a466-2078d824af27","275",176,"2","2","2","2"
"138ad2d4-9559-11e8-993b-2078d824af27","274",8,"0","0","0","0"
"9fcaabc8-8fd4-11e8-8398-e0e8393def43","274",68,"0","0","0","0"
"a32029c6-89a1-11e8-a1c4-5683a7fcb7dc","274",170,"0","0","0","0"
"11dd5cd2-414d-11e8-8d21-a1e87e988848","274",31,"0","0","0","0"
"138ad2d4-9559-11e8-993b-2078d824af27","273",8,"0","0","0","0"
"9294dd66-7f58-11e8-ac01-22576382b57d","272",23,"0","0","0","0"
"351ef64a-8a65-11e8-8ca7-8869a7fcb7dc","271",198,"2","2","2","2"
"1601859a-00f2-11e8-b800-a08db8bcf5f7","270",12,"1","1","1","1"
"158570c8-747d-11e8-aa2c-f0a9a6a83071","270",68,"0","0","0","0"
"aeb9b5b6-00e6-11e8-9694-00bd8c1371f3","269",468,"0","0","0","0"
"421f65a6-93f6-11e8-925d-fc60c095174f","269",872,"7","3","5","3"
"d1983f34-7072-11e8-9b2e-ab7403c1ce92","269",41,"0","0","0","0"
"ab43adb6-1c6a-11e8-a41c-4d238c11f014","268",15,"0","0","0","0"
"138ad2d4-9559-11e8-993b-2078d824af27","267",8,"1","1","1","1"
"fdc8b106-8a58-11e8-8695-e0e8393def43","267",524,"2","1","1","1"
"421f65a6-93f6-11e8-925d-fc60c095174f","266",872,"1","1","1","1"
"e36927f8-00e9-11e8-af1d-cf60b8bcf5f7","264",18,"0","0","0","0"
"10e87e8a-94a2-11e8-ba78-2078d824af27","263",48,"2","0","0","0"
"10e87e8a-94a2-11e8-ba78-2078d824af27","263",51,"0","0","0","0"
"108aa054-96fe-11e8-bcbd-2078d824af27","263",5,"0","0","0","0"
"fd79e8cc-738e-11e8-988e-f0a9a6a83071","262",10,"0","0","0","0"
"d95fc914-170b-11e8-b027-36686c0143b9","262",75,"1","0","0","0"
"295011f0-8439-11e8-88db-f86fca9e9af2","262",8,"0","0","0","0"
"8f90dcb2-79fb-11e8-b362-4ceaba6bc217","260",89,"0","0","0","0"
"7dedba16-9bd4-11e8-b6f7-a25db12b5a53","259",55,"0","0","0","0"
"f754c07e-0981-11e8-a994-4194588b2a65","258",60,"0","0","0","0"
"3446b5f6-956d-11e8-a183-fc60c095174f","258",91,"0","0","0","0"
"6725a662-328f-11e8-8066-9e0d2a124413","257",2128,"0","0","0","0"
"8453807a-93f0-11e8-b468-fc60c095174f","257",28,"1","1","1","1"
"07b77414-9f98-11e8-b572-eb1702e95e35","257",29,"1","0","0","0"
"3080a7a0-81b4-11e8-9638-f86fca9e9af2","256",49,"1","0","0","0"
"07b77414-9f98-11e8-b572-eb1702e95e35","256",27,"1","0","0","0"
"f9e00a2e-01a2-11e8-b541-a08db8bcf5f7","255",141,"0","0","0","0"
"1c7149de-7ea0-11e8-ada7-22576382b57d","254",58,"0","0","0","0"
"e93c2bec-6324-11e8-85d6-fb1b3249e00a","254",19,"0","0","0","0"
"7971605c-7530-11e8-bec0-ab7403c1ce92","253",5,"0","0","0","0"
"c429cfac-9593-11e8-863b-fc60c095174f","252",19,"0","0","0","0"
"fcf7151c-94ce-11e8-9aff-fc60c095174f","252",28,"2","1","1","1"
"351ef64a-8a65-11e8-8ca7-8869a7fcb7dc","252",198,"0","0","0","0"
"ba5f0ab8-7b9a-11e8-896a-22576382b57d","251",79,"1","0","0","0"
"bc518a3e-026a-11e8-93a1-a08db8bcf5f7","250",0,"0","0","0","0"
"925488dc-8e54-11e8-a0ec-e0e8393def43","250",102,"0","0","0","0"
"38293cc4-90b9-11e8-9d44-fc60c095174f","249",16,"0","0","0","0"
"440a3e5e-00f8-11e8-bbf0-a08db8bcf5f7","248",0,"0","0","0","0"
"39c24f2a-8fe8-11e8-ab25-e0e8393def43","247",7,"0","0","0","0"
"138ad2d4-9559-11e8-993b-2078d824af27","247",8,"0","0","0","0"
"fdc8b106-8a58-11e8-8695-e0e8393def43","247",529,"0","0","0","0"
"421f65a6-93f6-11e8-925d-fc60c095174f","247",874,"0","0","0","0"
"3924a578-9659-11e8-ae1c-fc60c095174f","246",11,"0","0","0","0"
"c429cfac-9593-11e8-863b-fc60c095174f","246",14,"0","0","0","0"
"8dbef6bc-8112-11e8-9665-f86fca9e9af2","245",2,"0","0","0","0"
"3a75ea5e-8b4b-11e8-a35c-e0e8393def43","244",109,"0","0","0","0"
"1601859a-00f2-11e8-b800-a08db8bcf5f7","243",12,"0","0","0","0"
"fdc8b106-8a58-11e8-8695-e0e8393def43","242",523,"0","0","0","0"
"9294dd66-7f58-11e8-ac01-22576382b57d","241",23,"0","0","0","0"
"421f65a6-93f6-11e8-925d-fc60c095174f","241",868,"6","2","3","2"
"f8f22494-91ad-11e8-ac8f-fc60c095174f","241",12,"3","1","2","1"
"c429cfac-9593-11e8-863b-fc60c095174f","241",19,"0","0","0","0"
"639f36c2-00ec-11e8-86c6-d6fd8c1371f3","240",19,"0","0","0","0"
"fdc8b106-8a58-11e8-8695-e0e8393def43","240",528,"0","0","0","0"
"e53a6e88-90a5-11e8-a466-2078d824af27","239",178,"1","0","0","0"
"9fcaabc8-8fd4-11e8-8398-e0e8393def43","239",72,"0","0","0","0"
"9fcaabc8-8fd4-11e8-8398-e0e8393def43","238",72,"0","0","0","0"
"639f23a8-00ec-11e8-86c6-d6fd8c1371f3","238",2,"2","1","1","1"
"e20f277a-03ed-11e8-a962-a08db8bcf5f7","238",0,"0","0","0","0"
"c8163874-8a96-11e8-ae59-e0e8393def43","236",100,"0","0","0","0"
"fd0296d2-93ff-11e8-a43c-fc60c095174f","236",49,"0","0","0","0"
"c429cfac-9593-11e8-863b-fc60c095174f","236",19,"0","0","0","0"
"3c79e21e-80f2-11e8-8d1b-d8cdf617378b","235",97,"0","0","0","0"
